tet,ptid,cdr3_a_aa,cdr3_b_aa,v_a_gene,v_b_gene,j_a_gene,j_b_gene,count,cluster_id
DR0401,8,CAASRQTGANNLFF,CASRTGSGEQYF,TRAV29/DV5*01,TRBV28*01,TRAJ36*01,TRBJ2-7*01,1,0
DR0401,9,CAATRQTGANNLFF,CASLQGSTEAFF,TRAV29/DV5*01,TRBV28*01,TRAJ36*01,TRBJ1-1*01,1,0
DR0401,9,CAATRQTGANNLFF,CASRTGSTEAFF,TRAV29/DV5*01,TRBV28*01,TRAJ36*01,TRBJ1-1*01,9,0
DR0401,7,CAASAQTGANNLFF,CAWKTGNTEAFF,TRAV29/DV5*01,TRBV28*01,TRAJ36*01,TRBJ1-1*01,1,0
DR0401,9,CAASRQTGANNLFF,CASRTGSTEAFF,TRAV29/DV5*01,TRBV28*01,TRAJ36*01,TRBJ1-1*01,1,0
DR0401,9,CAASAQTGANNLFF,CASRTGSTEAFF,TRAV29/DV5*01,TRBV28*01,TRAJ36*01,TRBJ1-1*01,7,0
DR0401,9,CAASAQTGANNLFF,CASRTGSGEAFF,TRAV29/DV5*01,TRBV28*01,TRAJ36*01,TRBJ1-1*01,1,0
DR0401,7,CAATRQTGANNLFF,CASRTGSTEAFF,TRAV29/DV5*01,TRBV28*01,TRAJ36*01,TRBJ1-1*01,2,0
DR0401,7,CAATTQTGANNLFF,CASGTGSTEAFF,TRAV29/DV5*01,TRBV28*01,TRAJ36*01,TRBJ1-1*01,4,0
DR0401,9,CAASAQTGANNLFF,CASRAGSTEAFF,TRAV29/DV5*01,TRBV28*01,TRAJ36*01,TRBJ1-1*01,1,0
DR0401,1,CAATLQTGANNLFF,CASRTGSTEAFF,TRAV29/DV5*01,TRBV28*01,TRAJ36*01,TRBJ1-1*01,11,0
DR0401,8,CAASRQTGANNLFF,CASGTGSTEAFF,TRAV29/DV5*01,TRBV28*01,TRAJ36*01,TRBJ1-1*01,7,0
DR0401,8,CAASTQTGANNLFF,CASRTGSTEAFF,TRAV29/DV5*01,TRBV28*01,TRAJ36*01,TRBJ1-1*01,1,0
DR0401,1,CAASRQTGANNLFF,CASRTGSTEAFF,TRAV29/DV5*01,TRBV28*01,TRAJ36*01,TRBJ1-1*01,38,0
DR0401,1,CAASRQTGANNLFF,CASNTGSTEAFF,TRAV29/DV5*01,TRBV28*01,TRAJ36*01,TRBJ1-1*01,1,0
DR0401,8,CAASTQTGANNLFF,CASRTGSVEAFF,TRAV29/DV5*01,TRBV28*01,TRAJ36*01,TRBJ1-1*01,2,0
DR0401,10,CAASRQTGANNLFF,CASGTGSTEAFF,TRAV29/DV5*01,TRBV28*01,TRAJ36*01,TRBJ1-1*01,1,0
DR0401,8,CAASRQTGANNLFF,CASRTGSTEAFF,TRAV29/DV5*01,TRBV28*01,TRAJ36*01,TRBJ1-1*01,1,0
DR0404,6,CAATLQTGANNLFF,CAIRTGSTEAFF,TRAV29/DV5*01,TRBV28*01,TRAJ36*01,TRBJ1-1*01,4,0
DR0401,1,CAASRQTGANNLFF,CASGTGSTEAFF,TRAV29/DV5*01,TRBV28*01,TRAJ36*01,TRBJ1-1*01,3,0
DR0401,8,CAASGQTGANNLFF,CAVKTGNTEAFF,TRAV29/DV5*01,TRBV28*01,TRAJ36*01,TRBJ1-1*01,1,0
DR0401,9,CAATGQTGANNLFF,CASRTGSTEAFF,TRAV29/DV5*01,TRBV28*01,TRAJ36*01,TRBJ1-1*01,3,0
DR0401,10,CAATRQTGANNLFF,CASRTGSTEAFF,TRAV29/DV5*01,TRBV28*01,TRAJ36*01,TRBJ1-1*01,1,0
DR0401,10,CAASRQTGANNLFF,CASRTGSTEAFF,TRAV29/DV5*01,TRBV28*01,TRAJ36*01,TRBJ1-1*01,2,0
DR0401,8,CAASRQTGANNLFF,CATRTGSTEAFF,TRAV29/DV5*01,TRBV28*01,TRAJ36*01,TRBJ1-1*01,1,0
DR0401,7,CAATTQTGANNLFF,CASSSGSTEAFF,TRAV29/DV5*01,TRBV28*01,TRAJ36*01,TRBJ1-1*01,2,1
DR0401,8,CAASRQTGANNLFF,CASSTGSTEAFF,TRAV29/DV5*01,TRBV28*01,TRAJ36*01,TRBJ1-1*01,8,1
DR0401,8,CAGSRQTGANNLFF,CASKAGSTEAFF,TRAV29/DV5*01,TRBV28*01,TRAJ36*01,TRBJ1-1*01,7,1
DR0401,8,CAASRQTGANNLFF,CASSSGSTEAFF,TRAV29/DV5*01,TRBV28*01,TRAJ36*01,TRBJ1-1*01,3,1
DR0401,9,CAASLQTGANNLFF,CASSTGSTEAFF,TRAV29/DV5*01,TRBV28*01,TRAJ36*01,TRBJ1-1*01,1,1
DR0401,8,CAASRQTGANNLFF,CASSSGSSEAFF,TRAV29/DV5*01,TRBV28*01,TRAJ36*01,TRBJ1-1*01,2,1
DR0401,7,CAASRQTGANNLFF,CASSSGSTEAFF,TRAV29/DV5*01,TRBV28*01,TRAJ36*01,TRBJ1-1*01,23,1
DR0401,9,CAASRQTGANNLFF,CASSAGSTEAFF,TRAV29/DV5*01,TRBV28*01,TRAJ36*01,TRBJ1-1*01,2,1
DR0401,9,CAASRQTGANNLFF,CASSSGSTEAFF,TRAV29/DV5*01,TRBV28*01,TRAJ36*01,TRBJ1-1*01,1,1
DR0401,8,CAASRQTGANNLFF,CASSSGSLEAFF,TRAV29/DV5*01,TRBV28*01,TRAJ36*01,TRBJ1-1*01,1,1
DR0401,8,CAASAGTGANNLFF,CASKAGSTEAFF,TRAV29/DV5*01,TRBV28*01,TRAJ36*01,TRBJ1-1*01,2,1
DR0401,8,CAASLQTGANNLFF,CASSTGSLEAFF,TRAV29/DV5*01,TRBV28*01,TRAJ36*01,TRBJ1-1*01,2,1
DR0401,9,CAATKQTGANNLFF,CASSSGTLEAFF,TRAV29/DV5*01,TRBV28*01,TRAJ36*01,TRBJ1-1*01,2,1
DR0401,9,CAATTQTGANNLFF,CASSSGSTEAFF,TRAV29/DV5*01,TRBV28*01,TRAJ36*01,TRBJ1-1*01,1,1
DR0401,1,CAASLQTGANNLFF,CASSSGSLEAFF,TRAV29/DV5*01,TRBV28*01,TRAJ36*01,TRBJ1-1*01,1,1
DR0404,6,CAATRQTGANNLFF,CASSSGSTEAFF,TRAV29/DV5*01,TRBV28*01,TRAJ36*01,TRBJ1-1*01,18,1
DR0401,1,CAASRQTGANNLFF,CASSAGSTEAFF,TRAV29/DV5*01,TRBV28*01,TRAJ36*01,TRBJ1-1*01,1,1
DR0401,1,CAASRQTGANNLFF,CASSSGSTEAFF,TRAV29/DV5*01,TRBV28*01,TRAJ36*01,TRBJ1-1*01,1,1
DR0401,10,CAASEQTGANNLFF,CASSTGSIEAFF,TRAV29/DV5*01,TRBV28*01,TRAJ36*01,TRBJ1-1*01,2,1
DR0401,9,CAASRQTGANNLFF,CASSTGSTEAFF,TRAV29/DV5*01,TRBV28*01,TRAJ36*01,TRBJ1-1*01,1,1
DR0401,10,CAASRQTGANNLFF,CASGSGSTEAFF,TRAV29/DV5*01,TRBV28*01,TRAJ36*01,TRBJ1-1*01,1,1
DR0401,8,CAASRQTGANNLFF,CASKVGSNEQFF,TRAV29/DV5*01,TRBV28*01,TRAJ36*01,TRBJ2-1*01,17,2
DR0401,7,CAASQQTGANNLFF,CAIGTGSYEQYF,TRAV29/DV5*01,TRBV28*01,TRAJ36*01,TRBJ2-7*01,1,2
DR0401,7,CAASAQTGANNLFF,CASKTGSYEQYF,TRAV29/DV5*01,TRBV28*01,TRAJ36*01,TRBJ2-7*01,3,2
DR0401,7,CAASAQTGANNLFF,CASKSGSYEAFF,TRAV29/DV5*01,TRBV28*01,TRAJ36*01,TRBJ1-1*01,1,2
DR0401,8,CAASRQTGANNLFF,CASQTGSYEQYF,TRAV29/DV5*01,TRBV28*01,TRAJ36*01,TRBJ2-7*01,6,2
DR0401,10,CAASAQTGANNLFF,CASSTGSDEQYF,TRAV29/DV5*01,TRBV28*01,TRAJ36*01,TRBJ2-7*01,1,2
DR0401,10,CAASSQTGANNLFF,CATKTGSYEQYF,TRAV29/DV5*01,TRBV28*01,TRAJ36*01,TRBJ2-7*01,3,2
DR0401,9,CAASGQTGANNLFF,CASSTGSSEQFF,TRAV29/DV5*01,TRBV28*01,TRAJ36*01,TRBJ2-1*01,3,2
DR0401,7,CAASSQTGANNLFF,CAIKTGSYEQYF,TRAV29/DV5*01,TRBV28*01,TRAJ36*01,TRBJ2-7*01,1,2
DR0401,8,CAATSQTGANNLFF,CASKTGSGELFF,TRAV29/DV5*01,TRBV28*01,TRAJ36*01,TRBJ2-2*01,1,2
DR0401,8,CAATAQTGANNLFF,CATKTGSHEQYF,TRAV29/DV5*01,TRBV28*01,TRAJ36*01,TRBJ2-7*01,1,2
DR0404,6,CAASGQTGANNLFF,CASSTGSLEQYF,TRAV29/DV5*01,TRBV28*01,TRAJ36*01,TRBJ2-7*01,2,2
DR0401,8,CAASVQTGANNLFF,CASKTGSGELFF,TRAV29/DV5*01,TRBV28*01,TRAJ36*01,TRBJ2-2*01,1,2
DR0401,8,CAASLQTGANNLFF,CASKAGSNTQYF,TRAV29/DV5*01,TRBV28*01,TRAJ36*01,TRBJ2-3*01,4,2
DR0401,8,CAASGQTGANNLFF,CASKAGSNEQYF,TRAV29/DV5*01,TRBV28*01,TRAJ36*01,TRBJ2-7*01,1,2
DR0401,8,CAASAQTGANNLFF,CASKTGSYEQYF,TRAV29/DV5*01,TRBV28*01,TRAJ36*01,TRBJ2-7*01,3,2
DR0401,8,CAASAQTGANNLFF,CASKAGSDEQYF,TRAV29/DV5*01,TRBV28*01,TRAJ36*01,TRBJ2-7*01,5,2
DR0401,8,CAASVQTGANNLFF,CATKTGSNEQFF,TRAV29/DV5*01,TRBV28*01,TRAJ36*01,TRBJ2-1*01,2,2
DR0401,9,CAASRDFNKFYF,CASSLARTDTEAFF,TRAV23/DV6*01,TRBV12-4*01,TRAJ21*01,TRBJ1-1*01,2,3
DR0401,7,CAALRDFNKFYF,CASSADRVDTEAFF,TRAV23/DV6*01,TRBV12-4*01,TRAJ21*01,TRBJ1-1*01,1,3
DR0401,10,CAASRDFNKFYF,CASSKDRLDTEAFF,TRAV23/DV6*01,TRBV12-4*01,TRAJ21*01,TRBJ1-1*01,3,3
DR0401,9,CAASRDFNKFYF,CASSLSRTDTEAFF,TRAV23/DV6*01,TRBV12-4*01,TRAJ21*01,TRBJ1-1*01,2,3
DR0401,9,CAASMDFNKFYF,CASSFDRVDTEAFF,TRAV23/DV6*01,TRBV12-4*01,TRAJ21*01,TRBJ1-1*01,2,3
DR0401,9,CAASRDFNKFYF,CASSTDRVDTEAFF,TRAV23/DV6*01,TRBV12-4*01,TRAJ21*01,TRBJ1-1*01,1,3
DR0401,8,CAASRDFNKFYF,CASSLGRLDTEAFF,TRAV23/DV6*01,TRBV12-4*01,TRAJ21*01,TRBJ1-1*01,1,3
DR0401,1,CAASMDFNKFYF,CASSFGRVDTEAFF,TRAV23/DV6*01,TRBV12-4*01,TRAJ21*01,TRBJ1-1*01,1,3
DR0401,8,CAASMDFNKFYF,CASSLDRIDTEAFF,TRAV23/DV6*01,TRBV12-4*01,TRAJ21*01,TRBJ1-1*01,3,3
DR0401,7,CAASRDFNKFYF,CASSSGRLDTEAFF,TRAV23/DV6*01,TRBV12-4*01,TRAJ21*01,TRBJ1-1*01,27,3
DR0401,7,CAASRDFNKFYF,CASSLARIDAEAFF,TRAV23/DV6*01,TRBV12-4*01,TRAJ21*01,TRBJ1-1*01,1,3
DR0401,9,CAASRDFNKFYF,CASSGTRLDTEAFF,TRAV23/DV6*01,TRBV12-4*01,TRAJ21*01,TRBJ1-1*01,1,3
DR0401,7,CAASNDFNKFYF,CASSFGRVDTEAFF,TRAV23/DV6*01,TRBV12-4*01,TRAJ21*01,TRBJ1-1*01,1,3
DR0401,9,CAASTDFNKFYF,CASSLGRTDTEAFF,TRAV23/DV6*01,TRBV12-4*01,TRAJ21*01,TRBJ1-1*01,1,3
DR0401,9,CAAKSQTGANNLFF,CASIGGNQPQHF,TRAV29/DV5*01,TRBV28*01,TRAJ36*01,TRBJ1-5*01,9,4
DR0404,6,CAASLQTGANNLFF,CASSTGSQPQHF,TRAV29/DV5*01,TRBV28*01,TRAJ36*01,TRBJ1-5*01,1,4
DR0404,6,CAASLLTGANNLFF,CASSGGNQPQHF,TRAV29/DV5*01,TRBV28*01,TRAJ36*01,TRBJ1-5*01,1,4
DR0401,9,CAATLQTGANNLFF,CASSTGSQPQHF,TRAV29/DV5*01,TRBV28*01,TRAJ36*01,TRBJ1-5*01,1,4
DR0401,1,CAAKLQTGANNLFF,CASMGGNQPQHF,TRAV29/DV5*01,TRBV28*01,TRAJ36*01,TRBJ1-5*01,3,4
DR0404,6,CAASRQTGANNLFF,CASSGGSQPQHF,TRAV29/DV5*01,TRBV28*01,TRAJ36*01,TRBJ1-5*01,19,4
DR0404,6,CAASWLTGANNLFF,CASSGGNQPQHF,TRAV29/DV5*01,TRBV28*01,TRAJ36*01,TRBJ1-5*01,3,4
DR0401,8,CAASRQTGANNLFF,CATKGGSQPQHF,TRAV29/DV5*01,TRBV28*01,TRAJ36*01,TRBJ1-5*01,2,4
DR0401,8,CALKFQTGANNLFF,CASIGGNQPQHF,TRAV29/DV5*01,TRBV28*01,TRAJ36*01,TRBJ1-5*01,1,4
DR0401,1,CAAKTQTGANNLFF,CASSGGNQPQHF,TRAV29/DV5*01,TRBV28*01,TRAJ36*01,TRBJ1-5*01,1,4
DR0401,10,CAASAQTGANNLFF,CASSSGNQPQHF,TRAV29/DV5*01,TRBV28*01,TRAJ36*01,TRBJ1-5*01,3,4
DR0401,9,CAASRQTGANNLFF,CASATGSQPQHF,TRAV29/DV5*01,TRBV28*01,TRAJ36*01,TRBJ1-5*01,6,4
DR0401,10,CAASAQTGANNLFF,CASSGGNQPQHF,TRAV29/DV5*01,TRBV28*01,TRAJ36*01,TRBJ1-5*01,1,4
DR0401,10,CAASKQTGANNLFF,CASKGGTQPQHF,TRAV29/DV5*01,TRBV28*01,TRAJ36*01,TRBJ1-5*01,4,4
DR0404,6,CAAKMTSGTYKYIF,CASLGGNQPQHF,TRAV29/DV5*01,TRBV28*01,TRAJ40*01,TRBJ1-5*01,2,5
DR0401,10,CAAKVTSGTYKYIF,CASIGGNQPQHF,TRAV29/DV5*01,TRBV28*01,TRAJ40*01,TRBJ1-5*01,1,5
DR0401,10,CAAPLTSGTYKYIF,CASIGGNQPQHF,TRAV29/DV5*01,TRBV28*01,TRAJ40*01,TRBJ1-5*01,10,5
DR0404,6,CAAKATSGTYKYIF,CASLGGNQPQHF,TRAV29/DV5*01,TRBV28*01,TRAJ40*01,TRBJ1-5*01,1,5
DR0404,6,CAASPTSGTYKYIF,CASIGGNQPQHF,TRAV29/DV5*01,TRBV28*01,TRAJ40*01,TRBJ1-5*01,2,5
DR0401,7,CASKTTSGTYKYIF,CASMGGNQPQHF,TRAV29/DV5*01,TRBV28*01,TRAJ40*01,TRBJ1-5*01,1,5
DR0401,7,CAAPATSGTYKYIF,CASIGGNQPQHF,TRAV29/DV5*01,TRBV28*01,TRAJ40*01,TRBJ1-5*01,1,5
DR0404,6,CAAIGTSGTYKYIF,CASIGGNQPQHF,TRAV29/DV5*01,TRBV28*01,TRAJ40*01,TRBJ1-5*01,3,5
DR0404,6,CAALLTSGTYKYIF,CASIGGNQPQHF,TRAV29/DV5*01,TRBV28*01,TRAJ40*01,TRBJ1-5*01,5,5
DR0404,6,CAAKAPSGTYKYIF,CASLGGNQPQHF,TRAV29/DV5*01,TRBV28*01,TRAJ40*01,TRBJ1-5*01,1,5
DR0401,1,CAAPLTSGTYKYIF,CASIGGNQPQHF,TRAV29/DV5*01,TRBV28*01,TRAJ40*01,TRBJ1-5*01,5,5
DR0701,2,CALDNSGAGSYQLTF,CASSYSRGNEQYF,TRAV6*01,TRBV6-6*01,TRAJ28*01,TRBJ2-7*01,1,6
DR0701,2,CALDDSGAGSYQLTF,CASSYSRSNEQFF,TRAV6*01,TRBV6-6*01,TRAJ28*01,TRBJ2-1*01,13,6
DR0701,2,CALDDSGAGSYQLTF,CASSYSRSGEQFF,TRAV6*01,TRBV6-6*01,TRAJ28*01,TRBJ2-1*01,5,6
DR0701,2,CALDDSGAGSYQLTF,CASSYSRQGEQFF,TRAV6*01,TRBV6-6*01,TRAJ28*01,TRBJ2-1*01,2,6
DR0701,2,CALDDSGAGSYQLTF,CASSYSRGNEQFF,TRAV6*01,TRBV6-6*01,TRAJ28*01,TRBJ2-1*01,5,6
DR0701,2,CALDDSGAGSYQLTF,CASSYSRANEQYF,TRAV6*01,TRBV6-6*01,TRAJ28*01,TRBJ2-7*01,1,6
DR0701,1,CALDDSGAGSYQLTF,CASSYSRQGGEQYF,TRAV6*01,TRBV6-6*01,TRAJ28*01,TRBJ2-7*01,1,6
DR0404,6,CAASLLTGANNLFF,CASSGGNEKLFF,TRAV29/DV5*01,TRBV28*01,TRAJ36*01,TRBJ1-4*01,15,7
DR0401,10,CAASAQTGANNLFF,CASNGGNEKLFF,TRAV29/DV5*01,TRBV28*01,TRAJ36*01,TRBJ1-4*01,1,7
DR0401,10,CAASLQTGANNLFF,CASKGGNEKLFF,TRAV29/DV5*01,TRBV28*01,TRAJ36*01,TRBJ1-4*01,1,7
DR0401,1,CAASLQTGANNLFF,CASKGGNSPLHF,TRAV29/DV5*01,TRBV28*01,TRAJ36*01,TRBJ1-6*01,3,7
DR0401,10,CAATLQTGANNLFF,CASKGGNSPLHF,TRAV29/DV5*01,TRBV28*01,TRAJ36*01,TRBJ1-6*01,2,7
DR0401,1,CAAIAQTGANNLFF,CASKGGNSPLHF,TRAV29/DV5*01,TRBV28*01,TRAJ36*01,TRBJ1-6*01,1,7
DR0401,1,CAASLNQAGTALIF,CATELSRGGYTF,TRAV29/DV5*01,TRBV28*01,TRAJ15*01,TRBJ1-2*01,1,8
DR0401,7,CAASPNQAGTALIF,CATEGSRGGYTF,TRAV29/DV5*01,TRBV28*01,TRAJ15*01,TRBJ1-2*01,1,8
DR0401,7,CAASANQAGTALIF,CATERSRGGYTF,TRAV29/DV5*01,TRBV28*01,TRAJ15*01,TRBJ1-2*01,1,8
DR0401,7,CAASLNQAGTALIF,CASEQIRGGYTF,TRAV29/DV5*01,TRBV28*01,TRAJ15*01,TRBJ1-2*01,4,8
DR0404,6,CAASEGSYKLIF,CAWSGQPSGANVLTF,TRAV29/DV5*01,TRBV30*01,TRAJ12*01,TRBJ2-6*01,1,9
DR0404,6,CAASEGTYKYIF,CAWSGQPAGANVLTF,TRAV29/DV5*01,TRBV30*01,TRAJ40*01,TRBJ2-6*01,1,9
DR0404,6,CAASEGTYKYIF,CAWSGQPSGANVLTF,TRAV29/DV5*01,TRBV30*01,TRAJ40*01,TRBJ2-6*01,20,9
DR0404,6,CAASAGTYKYIF,CAWSGQPSGANVLTF,TRAV29/DV5*01,TRBV30*01,TRAJ40*01,TRBJ2-6*01,19,9
DR0401,8,CAASAGAQKLVF,CATGPLGYEQYF,TRAV29/DV5*01,TRBV28*01,TRAJ54*01,TRBJ2-7*01,2,10
DR0401,8,CAASSGAQKLVF,CASGPLGYEQYF,TRAV29/DV5*01,TRBV28*01,TRAJ54*01,TRBJ2-7*01,1,10
DR0401,8,CAASAGAQKLVF,CASGPLGYEQYF,TRAV29/DV5*01,TRBV28*01,TRAJ54*01,TRBJ2-7*01,1,10
DR0401,8,CAASAGAQKLVF,CAIGPMGYEQYF,TRAV29/DV5*01,TRBV28*01,TRAJ54*01,TRBJ2-7*01,1,10
DR0401,8,CAASGGTGANNLFF,CASKAGSVGYTF,TRAV29/DV5*01,TRBV28*01,TRAJ36*01,TRBJ1-2*01,2,11
DR0401,1,CAASGQTGANNLFF,CASKAGSYGYTF,TRAV29/DV5*01,TRBV28*01,TRAJ36*01,TRBJ1-2*01,1,11
DR0401,8,CAASGQTGANNLFF,CAIKSGSYGYTF,TRAV29/DV5*01,TRBV28*01,TRAJ36*01,TRBJ1-2*01,2,11
DR0401,7,CAENHNYGQNFVF,CASSLLPGGTDTQYF,TRAV13-2*01,TRBV5-8*01,TRAJ26*01,TRBJ2-3*01,1,12
DR0401,9,CAENHNYGQNFVF,CASSLLSGSTDTQYF,TRAV13-2*01,TRBV5-8*01,TRAJ26*01,TRBJ2-3*01,1,12
DR0401,9,CAENHNYGQNFVF,CASSFLAGSTDTQYF,TRAV13-2*01,TRBV5-8*01,TRAJ26*01,TRBJ2-3*01,1,12
DR0404,6,CAASALQGAQKLVF,CASSTSNTEAFF,TRAV29/DV5*01,TRBV28*01,TRAJ54*01,TRBJ1-1*01,3,13
DR0404,6,CAASALQGAQKLVF,CASCTSNTEAFF,TRAV29/DV5*01,TRBV28*01,TRAJ54*01,TRBJ1-1*01,1,13
DR0404,6,CAASALQGAQKLVF,CASSASNTEAFF,TRAV29/DV5*01,TRBV28*01,TRAJ54*01,TRBJ1-1*01,1,13
DR0401,10,CAASLIQGAQKLVF,CASSAGSEKLFF,TRAV29/DV5*01,TRBV28*01,TRAJ54*01,TRBJ1-4*01,1,14
DR0401,10,CAASAIQGAQKLVF,CASSAGSEKLFF,TRAV29/DV5*01,TRBV28*01,TRAJ54*01,TRBJ1-4*01,4,14
DR0401,7,CAASAIQGAQKLVF,CASSSGSEKLFF,TRAV29/DV5*01,TRBV28*01,TRAJ54*01,TRBJ1-4*01,1,14
DR0701,1,CAVLMDTGRRALTF,CASSYSGQGNSPLHF,TRAV21*01,TRBV6-6*01,TRAJ5*01,TRBJ1-6*01,5,15
DR0701,2,CAVSFDTGRRALTF,CASSYSGQGNSPLHF,TRAV21*01,TRBV6-6*01,TRAJ5*01,TRBJ1-6*01,1,15
DR0701,2,CAVLMDTGRRALTF,CASSYSGQGHSPLHF,TRAV21*01,TRBV6-6*01,TRAJ5*01,TRBJ1-6*01,2,15
DR0401,9,CAVDMSDNARLMF,CATSDPAGAQFF,TRAV39*01,TRBV24-1*01,TRAJ31*01,TRBJ2-1*01,1,16
DR0401,9,CAVDLSDNARLMF,CATSDPAGPQHF,TRAV39*01,TRBV24-1*01,TRAJ31*01,TRBJ1-5*01,2,16
DR0401,10,CAATRQTGANNLFF,CASSTGSGEQYF,TRAV29/DV5*01,TRBV28*01,TRAJ36*01,TRBJ2-7*01,1,17
DR0401,9,CAATRQTGANNLFF,CASSSGSGEQYF,TRAV29/DV5*01,TRBV28*01,TRAJ36*01,TRBJ2-7*01,1,17
DR0401,10,CAASLQTGANNLFF,CASRAGGSGEQYF,TRAV29/DV5*01,TRBV28*01,TRAJ36*01,TRBJ2-7*01,1,18
DR0404,6,CAASRQTGANNLFF,CASRAGGSGEQYF,TRAV29/DV5*01,TRBV28*01,TRAJ36*01,TRBJ2-7*01,4,18
DR0101,7,CAAVSGGSYIPTF,CASSLDRSGYTF,TRAV13-1*01,TRBV7-3*01,TRAJ6*01,TRBJ1-2*01,1,19
DR0101,7,CAAVSGGSYIPTF,CASSLDRVGGYTF,TRAV13-1*01,TRBV7-3*01,TRAJ6*01,TRBJ1-2*01,1,19
DR0401,10,CAASVGYTGTASKLTL,CASSFGFTEAFF,TRAV29/DV5*01,TRBV11-1*01,TRAJ44*01,TRBJ1-1*01,1,20
DR0401,10,CAASVGYTGTASKLTF,CASSFGFTEAFF,TRAV29/DV5*01,TRBV11-1*01,TRAJ44*01,TRBJ1-1*01,18,20
DR0401,8,CAASQQTGANNLFF,CASKAGGTGELFF,TRAV29/DV5*01,TRBV28*01,TRAJ36*01,TRBJ2-2*01,1,21
DR0401,10,CAASAQTGANNLFF,CASKAGGTGELFF,TRAV29/DV5*01,TRBV28*01,TRAJ36*01,TRBJ2-2*01,1,21
DR0404,6,CAETLSGNTPLVF,CASSLRADTQYF,TRAV13-2*01,TRBV5-8*01,TRAJ29*01,TRBJ2-3*01,1,22
DR0404,6,CAEILSGNTPLVF,CASSLRADTQYF,TRAV13-2*01,TRBV5-8*01,TRAJ29*01,TRBJ2-3*01,1,22
DR0404,6,CAASMTGNTPLVF,CASSYRADTQYF,TRAV23/DV6*01,TRBV5-8*01,TRAJ29*01,TRBJ2-3*01,1,23
DR0404,6,CAASMTGNTPLVF,CASSLRADEQYF,TRAV23/DV6*01,TRBV5-8*01,TRAJ29*01,TRBJ2-7*01,1,23
DR0401,7,CAASPAQAGTALIF,CASSSTEGGYTF,TRAV29/DV5*01,TRBV28*01,TRAJ15*01,TRBJ1-2*01,12,24
DR0401,7,CAASPAQAGTALIF,CASSATEYGYTF,TRAV29/DV5*01,TRBV28*01,TRAJ15*01,TRBJ1-2*01,1,24
DR0401,8,CAASAGGADRGSTLGRLYF,CASSLGYEQYF,TRAV29/DV5*01,TRBV28*01,TRAJ18*01,TRBJ2-7*01,7,25
DR0401,8,CAASAGGADRGSTLGRLYF,CASSVGYEQYF,TRAV29/DV5*01,TRBV28*01,TRAJ18*01,TRBJ2-7*01,1,25
DR0401,10,CAAEEGAQKLVF,CASRSGGGRGYTF,TRAV29/DV5*01,TRBV28*01,TRAJ54*01,TRBJ1-2*01,2,26
DR0401,8,CAAEEGAQKLVF,CASRSGGPYGYTF,TRAV29/DV5*01,TRBV28*01,TRAJ54*01,TRBJ1-2*01,1,26
DR0401,7,CAATRQTGANNLFF,CASRGGNEKLFF,TRAV29/DV5*01,TRBV28*01,TRAJ36*01,TRBJ1-4*01,6,27
DR0401,10,CAATRQTGANNLFF,CASRGGNEKLFF,TRAV29/DV5*01,TRBV28*01,TRAJ36*01,TRBJ1-4*01,1,27
DR0401,9,CAASAAQAGTALIF,CASSVTDYGYTF,TRAV29/DV5*01,TRBV28*01,TRAJ15*01,TRBJ1-2*01,1,28
DR0401,7,CAASRSQAGTALIF,CASSVTDYGYTF,TRAV29/DV5*01,TRBV28*01,TRAJ15*01,TRBJ1-2*01,1,28
DR0401,7,CAASAQRGAQKLVF,CASSQGSLGAFF,TRAV29/DV5*01,TRBV28*01,TRAJ54*01,TRBJ1-1*01,1,29
DR0401,9,CAASAQRGAQKLVF,CASSFGSIGAYF,TRAV29/DV5*01,TRBV28*01,TRAJ54*01,TRBJ2-7*01,1,29
DR0401,10,CAAGGQTGANNLFF,CASGTGSQPQHF,TRAV29/DV5*01,TRBV28*01,TRAJ36*01,TRBJ1-5*01,1,30
DR0401,7,CAARGQTGANNLFF,CASMTGSQPQHF,TRAV29/DV5*01,TRBV28*01,TRAJ36*01,TRBJ1-5*01,1,30
DR0401,10,CAENYGGATNKLIF,CASSLAGGRTDTQYF,TRAV13-2*01,TRBV28*01,TRAJ32*01,TRBJ2-3*01,1,31
DR0401,1,CAENYGGATNKLIF,CASSLAGGRTDTQYF,TRAV13-2*01,TRBV28*01,TRAJ32*01,TRBJ2-3*01,1,31
DR0401,8,CAELPNQAGTALIF,CASSLRLEGYTF,TRAV13-2*01,TRBV28*01,TRAJ15*01,TRBJ1-2*01,1,32
DR0401,1,CAELPNQAGTALIF,CASSLRLEGYTF,TRAV13-2*01,TRBV28*01,TRAJ15*01,TRBJ1-2*01,1,32
DR0401,7,CAASIEGGSEKLVF,CASSLRHSLSGNTIYF,TRAV13-1*01,TRBV5-6*01,TRAJ57*01,TRBJ1-3*01,1,33
DR0401,1,CAASIEGGSEKLVF,CASSLRHSLSGNTIYF,TRAV13-1*01,TRBV5-6*01,TRAJ57*01,TRBJ1-3*01,1,33
DR0401,1,CAAKRQTGANNLFF,CAITTGNYGYTF,TRAV29/DV5*01,TRBV28*01,TRAJ36*01,TRBJ1-2*01,2,34
DR0401,7,CAASRQTGANNLFF,CASTTGSYGYTF,TRAV29/DV5*01,TRBV28*01,TRAJ36*01,TRBJ1-2*01,3,34
DR0401,1,CAAISGNQFYF,CASGYPDRVHEQYF,TRAV29/DV5*01,TRBV28*01,TRAJ49*01,TRBJ2-7*01,3,35
DR0401,7,CAAVAGNQFYF,CASGFPDRVNEQYF,TRAV29/DV5*01,TRBV28*01,TRAJ49*01,TRBJ2-7*01,1,35
DR0701,2,CAVIGGTSYGKLTF,CASSPRGTSGRNEQFF,TRAV21*01,TRBV7-3*01,TRAJ52*01,TRBJ2-1*01,1,36
DR0701,2,CAVIGGTSYGKLTF,CASSSRGTSGRNEQFF,TRAV21*01,TRBV7-3*01,TRAJ52*01,TRBJ2-1*01,1,36