"tet","ptid","cdr3_a_aa","cdr3_b_aa","v_a_gene","v_b_gene","j_a_gene","j_b_gene","count"
"DR0101",7,"CAAASGGSYIPTF","CASSPTVQDGYTF","TRAV13-1*01","TRBV18*01","TRAJ6*01","TRBJ1-2*01",1
"DR0101",7,"CAAIGPDSNYQLIW","CASSPSGRSSGNTIYF","TRAV13-1*01","TRBV18*01","TRAJ33*01","TRBJ1-3*01",1
"DR0101",7,"CAALGPDSNYQLIW","CASNADRGYTGELFF","TRAV13-1*01","TRBV2*01","TRAJ33*01","TRBJ2-2*01",3
"DR0101",7,"CAALSGGSYIPTF","CASSFDRVGYTF","TRAV13-1*01","TRBV7-2*01","TRAJ6*01","TRBJ1-2*01",8
"DR0101",7,"CAALSGGSYIPTF","CASSVDRVYGYTF","TRAV13-1*01","TRBV7-2*01","TRAJ6*01","TRBJ1-2*01",1
"DR0101",7,"CAAMGPDSNYQLIW","CASSPLGRQGTEAFF","TRAV13-1*01","TRBV19*01","TRAJ33*01","TRBJ1-1*01",2
"DR0101",7,"CAAPPPAGGTSYGKLTF","CASSPIQGDTEAFF","TRAV13-1*01","TRBV18*01","TRAJ52*01","TRBJ1-1*01",1
"DR0101",7,"CAARRAGSYQLTF","CSATFRGMNTEAFF","TRAV12-2*01","TRBV20-1*01","TRAJ28*01","TRBJ1-1*01",1
"DR0101",7,"CAASALNTGTASKLTF","CASSTDLVKLFF","TRAV29/DV5*01","TRBV28*01","TRAJ44*01","TRBJ1-4*01",1
"DR0101",7,"CAASGGGSYIPTF","CASLRDRGFGANVLTF","TRAV13-1*01","TRBV2*01","TRAJ6*01","TRBJ2-6*01",2
"DR0101",7,"CAASGGGSYIPTF","CASSGDRGRGGEKLFF","TRAV13-1*01","TRBV2*01","TRAJ6*01","TRBJ1-4*01",1
"DR0101",7,"CAASGGGSYIPTF","CASSGQGRDEQYF","TRAV13-1*01","TRBV18*01","TRAJ6*01","TRBJ2-7*01",2
"DR0101",7,"CAASGGGSYIPTF","CASSGTVRSETQYF","TRAV13-1*01","TRBV2*01","TRAJ6*01","TRBJ2-5*01",1
"DR0101",7,"CAASGGGSYIPTF","CASSPVGARGELAFF","TRAV13-1*01","TRBV2*01","TRAJ6*01","TRBJ1-1*01",1
"DR0101",7,"CAASGPANDYKLSF","CASKRDRGTDTQYF","TRAV13-1*01","TRBV2*01","TRAJ20*01","TRBJ2-3*01",1
"DR0101",7,"CAASGPASNYQLIW","CASSPLDRGGQPQHF","TRAV13-1*01","TRBV6-1*01","TRAJ33*01","TRBJ1-5*01",1
"DR0101",7,"CAASGPDSNYQLIW","CASSGDRGIKGYTF","TRAV13-1*01","TRBV19*01","TRAJ33*01","TRBJ1-2*01",2
"DR0101",7,"CAASGPDSNYQLIW","CASSPQDRVGTEAFF","TRAV13-1*01","TRBV12-3*01","TRAJ33*01","TRBJ1-1*01",7
"DR0101",7,"CAASGPDSNYQLIW","CASSPRRGGEAFF","TRAV13-1*01","TRBV27*01","TRAJ33*01","TRBJ1-1*01",4
"DR0101",7,"CAASGPRSNYQLIW","CASSRRTSGYTF","TRAV13-1*01","TRBV28*01","TRAJ33*01","TRBJ1-2*01",1
"DR0101",7,"CAASGPSGTYKYIF","CASSAAMGAEAFF","TRAV13-1*01","TRBV2*01","TRAJ40*01","TRBJ1-1*01",4
"DR0101",7,"CAASGPSGTYKYIF","CASSLLYEAFF","TRAV29/DV5*01","TRBV28*01","TRAJ40*01","TRBJ1-1*01",1
"DR0101",7,"CAASGPSNDYKLSF","CASSWDRAQPQHF","TRAV13-1*01","TRBV2*01","TRAJ20*01","TRBJ1-5*01",1
"DR0101",7,"CAASLGDDMRF","CASSDQGSMNTEAFF","TRAV29/DV5*01","TRBV2*01","TRAJ43*01","TRBJ1-1*01",1
"DR0101",7,"CAASNPASNYQLIW","CASSSRDRVGTEAFF","TRAV13-1*01","TRBV12-3*01","TRAJ33*01","TRBJ1-1*01",1
"DR0101",7,"CAASNPGGSYIPTF","CASSSYMNTEAFF","TRAV13-1*01","TRBV7-3*01","TRAJ6*01","TRBJ1-1*01",1
"DR0101",7,"CAASNPGSNYQLIW","CASTLARGNGYTF","TRAV13-1*01","TRBV19*01","TRAJ33*01","TRBJ1-2*01",1
"DR0101",7,"CAASNPSSNYQLIW","CASSGDRGGLGYTF","TRAV13-1*01","TRBV2*01","TRAJ33*01","TRBJ1-2*01",1
"DR0101",7,"CAASSGGSYIPTF","CASNLDRITEAFF","TRAV13-1*01","TRBV7-2*01","TRAJ6*01","TRBJ1-1*01",1
"DR0101",7,"CAASSPGDDYKLSF","CASSLNRNTEAFF","TRAV13-1*01","TRBV7-2*01","TRAJ20*01","TRBJ1-1*01",3
"DR0101",7,"CAASSPSDDYKLSF","CASSSARNSPLHF","TRAV13-1*01","TRBV7-2*01","TRAJ20*01","TRBJ1-6*01",1
"DR0101",7,"CAASTPASNYQLIW","CASSQSEGRIGGELFF","TRAV13-1*01","TRBV14*01","TRAJ33*01","TRBJ2-2*01",1
"DR0101",7,"CAASTPGRGNQFYF","CASSPAVVNTEAFF","TRAV13-1*01","TRBV18*01","TRAJ49*01","TRBJ1-1*01",1
"DR0101",7,"CAASTPGTASKLTF","CASSREVVSTEAFF","TRAV13-1*01","TRBV18*01","TRAJ44*01","TRBJ1-1*01",1
"DR0101",7,"CAASTSGYSTLTF","CASSLQGANNEQFF","TRAV13-1*01","TRBV5-5*01","TRAJ11*01","TRBJ2-1*01",2
"DR0101",7,"CAAVSGGSYIPTF","CASSLDRSGYTF","TRAV13-1*01","TRBV7-3*01","TRAJ6*01","TRBJ1-2*01",1
"DR0101",7,"CAAVSGGSYIPTF","CASSLDRVGGYTF","TRAV13-1*01","TRBV7-3*01","TRAJ6*01","TRBJ1-2*01",1
"DR0101",7,"CAAVSGGSYIPTF","CASSSDRVGGYTF","TRAV13-1*01","TRBV7-2*01","TRAJ6*01","TRBJ1-2*01",2
"DR0101",7,"CAENSFSDGQKLLF","CASSPLDRGGQPQHF","TRAV13-2*01","TRBV6-1*01","TRAJ16*01","TRBJ1-5*01",1
"DR0101",7,"CAESAGNNRKLIW","CASSYYNEQFF","TRAV5*01","TRBV6-5*01","TRAJ38*01","TRBJ2-1*01",1
"DR0101",7,"CAESPVSGGYNKLIF","CASSHTGPQAWSNQPQHF","TRAV5*01","TRBV6-3*01","TRAJ4*01","TRBJ1-5*01",1
"DR0101",7,"CAFLPSSGGSYIPTF","CASSDQGSMNTEAFF","TRAV24*01","TRBV2*01","TRAJ6*01","TRBJ1-1*01",1
"DR0101",7,"CAFMKVIQGAQKLVF","CASSFRVGAYNEQFF","TRAV38-1*01","TRBV5-4*01","TRAJ54*01","TRBJ2-1*01",1
"DR0101",7,"CAGVSGGSYIPTF","CASSRDRNGYTF","TRAV13-1*01","TRBV7-2*01","TRAJ6*01","TRBJ1-2*01",1
"DR0101",7,"CALSPDNTDKLIF","CASRPPGLAGNEQFF","TRAV9-2*01","TRBV5-4*01","TRAJ34*01","TRBJ2-1*01",1
"DR0101",7,"CAMREGSVNTNAGKSTF","CASSPRRGGEAFF","TRAV14/DV4*01","TRBV27*01","TRAJ27*01","TRBJ1-1*01",2
"DR0101",7,"CAMSDYGAAGNKLTF","CSARDAQGSSYNEQFF","TRAV12-3*01","TRBV20-1*01","TRAJ17*01","TRBJ2-1*01",1
"DR0101",7,"CAPVTGTASKLTF","CASTLARGNGYTF","TRAV1-2*01","TRBV19*01","TRAJ44*01","TRBJ1-2*01",1
"DR0101",7,"CAVDDPAGANNLFF","CASSVVNTRNTEAFF","TRAV2*01","TRBV9*01","TRAJ36*01","TRBJ1-1*01",1
"DR0101",7,"CAVGSGSARQLTF","CASSLVERSGYTF","TRAV21*01","TRBV7-8*01","TRAJ22*01","TRBJ1-2*01",2
"DR0101",7,"CAVNEGFGNVLHC","CASSLNRNTEAFF","TRAV8-1*01","TRBV7-2*01","TRAJ35*01","TRBJ1-1*01",2
"DR0101",7,"CAVPRDYKLSF","CASNPDRGVGTGELFF","TRAV2*01","TRBV2*01","TRAJ20*01","TRBJ2-2*01",1
"DR0101",7,"CAVRAYNTNAGKSTF","CASSLQGANNEQFF","TRAV3*01","TRBV5-5*01","TRAJ27*01","TRBJ2-1*01",1
"DR0101",7,"CAVRDRKAAGNKLTF","CASSQDPSQETQYF","TRAV1-2*01","TRBV3-1*01","TRAJ17*01","TRBJ2-5*01",1
"DR0101",7,"CAVSETYNQGGKLIF","CASSPTVQDGYTF","TRAV8-6*01","TRBV18*01","TRAJ23*01","TRBJ1-2*01",1
"DR0101",7,"CAVSGGGSQGNLIF","CASSPPTGTGEQYF","TRAV41*01","TRBV6-6*01","TRAJ42*01","TRBJ2-7*01",1
"DR0101",7,"CAVTSGGSYIPTF","CASSLDRTGGAFF","TRAV13-1*01","TRBV7-2*01","TRAJ6*01","TRBJ1-1*01",1
"DR0101",7,"CILRDVILSNTGKLIF","CASRPPGLAGNEQFF","TRAV26-2*01","TRBV5-4*01","TRAJ37*01","TRBJ2-1*01",1
"DR0101",7,"CIVRGLGGYGNKLVF","CASSPVGSDAYGYTF","TRAV26-1*01","TRBV18*01","TRAJ47*01","TRBJ1-2*01",2
"DR0101",7,"CVSQKGAGKSTF","CASSGTVRSETQYF","TRAV8-3*01","TRBV2*01","TRAJ27*01","TRBJ2-5*01",1
"DR0101",7,"CVVFPWGGTASKLTF","CASSPQDRVGTEAFF","TRAV10*01","TRBV12-3*01","TRAJ44*01","TRBJ1-1*01",7
"DR0101",7,"CVVNGPGTGFQKLVF","CASSYRQGLPYYEQYF","TRAV12-1*01","TRBV6-2*01","TRAJ8*01","TRBJ2-7*01",2
"DR0101",7,"CVVTAGGTSYGKLTF","CASSGPWGTGEQFF","TRAV12-1*01","TRBV6-6*01","TRAJ52*01","TRBJ2-1*01",1
"DR0101",7,"CVVTLGGTSYGKLTF","CASSPPTGTGEQYF","TRAV12-1*01","TRBV6-6*01","TRAJ52*01","TRBJ2-7*01",1
"DR0101",7,"CVVTTGGTSYGKLTF","CASSGPYGTGELFF","TRAV12-1*01","TRBV6-6*01","TRAJ52*01","TRBJ2-2*01",1
"DR0401",1,"CAADFPNQGGKLIF","CASRGGSSPLHF","TRAV29/DV5*01","TRBV28*01","TRAJ23*01","TRBJ1-6*01",1
"DR0401",1,"CAAGTDFNKFYF","CASSKDRVDTEAFF","TRAV23/DV6*01","TRBV12-4*01","TRAJ21*01","TRBJ1-1*01",1
"DR0401",1,"CAAIAQTGANNLFF","CASKGGNSPLHF","TRAV29/DV5*01","TRBV28*01","TRAJ36*01","TRBJ1-6*01",1
"DR0401",1,"CAAISGNQFYF","CASGYPDRVHEQYF","TRAV29/DV5*01","TRBV28*01","TRAJ49*01","TRBJ2-7*01",3
"DR0401",1,"CAAKAQTGANNLFF","CASGAGNQPQHF","TRAV29/DV5*01","TRBV28*01","TRAJ36*01","TRBJ1-5*01",1
"DR0401",1,"CAAKLQTGANNLFF","CASMGGNQPQHF","TRAV29/DV5*01","TRBV28*01","TRAJ36*01","TRBJ1-5*01",3
"DR0401",1,"CAAKRQTGANNLFF","CAITTGNYGYTF","TRAV29/DV5*01","TRBV28*01","TRAJ36*01","TRBJ1-2*01",2
"DR0401",1,"CAAKTQTGANNLFF","CASSGGNQPQHF","TRAV29/DV5*01","TRBV28*01","TRAJ36*01","TRBJ1-5*01",1
"DR0401",1,"CAALAGNQFYF","CASGYPDRQNNEQFF","TRAV29/DV5*01","TRBV28*01","TRAJ49*01","TRBJ2-1*01",1
"DR0401",1,"CAALTGNQFYF","CASGFPDRSSYEQYF","TRAV29/DV5*01","TRBV28*01","TRAJ49*01","TRBJ2-7*01",2
"DR0401",1,"CAAMPTSGTYKYIF","CVTGVGNQPQHF","TRAV29/DV5*01","TRBV28*01","TRAJ40*01","TRBJ1-5*01",5
"DR0401",1,"CAAPLTSGTYKYIF","CASIGGNQPQHF","TRAV29/DV5*01","TRBV28*01","TRAJ40*01","TRBJ1-5*01",5
"DR0401",1,"CAASADPGTSYGKLTF","CASSTTGWYGYTF","TRAV29/DV5*01","TRBV28*01","TRAJ52*01","TRBJ1-2*01",1
"DR0401",1,"CAASAGAQKLVF","CASGPFGGELFF","TRAV29/DV5*01","TRBV28*01","TRAJ54*01","TRBJ2-2*01",1
"DR0401",1,"CAASAGNQFYF","CASGYPDRVNTEAFF","TRAV29/DV5*01","TRBV28*01","TRAJ49*01","TRBJ1-1*01",1
"DR0401",1,"CAASALKGAQKLVF","CASNGGNEKLFF","TRAV29/DV5*01","TRBV28*01","TRAJ54*01","TRBJ1-4*01",1
"DR0401",1,"CAASDPNSGYALNF","CASIRSGQNTEAFF","TRAV29/DV5*01","TRBV28*01","TRAJ41*01","TRBJ1-1*01",5
"DR0401",1,"CAASDSNSGYALNF","CASIVSGQRNQPQHF","TRAV29/DV5*01","TRBV28*01","TRAJ41*01","TRBJ1-5*01",1
"DR0401",1,"CAASGEGGATNKLIF","CASSGAPERGLFF","TRAV29/DV5*01","TRBV28*01","TRAJ32*01","TRBJ1-4*01",66
"DR0401",1,"CAASGQTGANNLFF","CASKAGSYGYTF","TRAV29/DV5*01","TRBV28*01","TRAJ36*01","TRBJ1-2*01",1
"DR0401",1,"CAASIEGGSEKLVF","CASSLRHSLSGNTIYF","TRAV13-1*01","TRBV5-6*01","TRAJ57*01","TRBJ1-3*01",1
"DR0401",1,"CAASKQTGANNLFF","CASSRGGDFTNYGYTF","TRAV29/DV5*01","TRBV28*01","TRAJ36*01","TRBJ1-2*01",2
"DR0401",1,"CAASLNQAGTALIF","CATELSRGGYTF","TRAV29/DV5*01","TRBV28*01","TRAJ15*01","TRBJ1-2*01",1
"DR0401",1,"CAASLQTGANNLFF","CASKGGNSPLHF","TRAV29/DV5*01","TRBV28*01","TRAJ36*01","TRBJ1-6*01",3
"DR0401",1,"CAASLQTGANNLFF","CASSSGSLEAFF","TRAV29/DV5*01","TRBV28*01","TRAJ36*01","TRBJ1-1*01",1
"DR0401",1,"CAASMDFNKFYF","CASSFGRVDTEAFF","TRAV23/DV6*01","TRBV12-4*01","TRAJ21*01","TRBJ1-1*01",1
"DR0401",1,"CAASPQTGANNLFF","CASRGGSSPLHF","TRAV29/DV5*01","TRBV28*01","TRAJ36*01","TRBJ1-6*01",1
"DR0401",1,"CAASRQTGANNLFF","CASGTGSTEAFF","TRAV29/DV5*01","TRBV28*01","TRAJ36*01","TRBJ1-1*01",3
"DR0401",1,"CAASRQTGANNLFF","CASNTGSTEAFF","TRAV29/DV5*01","TRBV28*01","TRAJ36*01","TRBJ1-1*01",1
"DR0401",1,"CAASRQTGANNLFF","CASQTGGIGAFF","TRAV29/DV5*01","TRBV28*01","TRAJ36*01","TRBJ1-1*01",1
"DR0401",1,"CAASRQTGANNLFF","CASRTGSTEAFF","TRAV29/DV5*01","TRBV28*01","TRAJ36*01","TRBJ1-1*01",38
"DR0401",1,"CAASRQTGANNLFF","CASSAGSTEAFF","TRAV29/DV5*01","TRBV28*01","TRAJ36*01","TRBJ1-1*01",1
"DR0401",1,"CAASRQTGANNLFF","CASSSGSTEAFF","TRAV29/DV5*01","TRBV28*01","TRAJ36*01","TRBJ1-1*01",1
"DR0401",1,"CAASSQTGANNLFF","CATITGGGPYGYTF","TRAV29/DV5*01","TRBV28*01","TRAJ36*01","TRBJ1-2*01",2
"DR0401",1,"CAASTGNQFYF","CASGFPDRVSYNEQFF","TRAV29/DV5*01","TRBV28*01","TRAJ49*01","TRBJ2-1*01",1
"DR0401",1,"CAASVGYTGTASKLTF","CASETGWSGYTF","TRAV29/DV5*01","TRBV19*01","TRAJ44*01","TRBJ1-2*01",1
"DR0401",1,"CAASYDFNKFYF","CASSPDRIDQPQHF","TRAV23/DV6*01","TRBV12-4*01","TRAJ21*01","TRBJ1-5*01",1
"DR0401",1,"CAATDSGNTPLVF","CASTSVGWWYF","TRAV29/DV5*01","TRBV28*01","TRAJ29*01","TRBJ2-3*01",1
"DR0401",1,"CAATLQTGANNLFF","CASRTGSTEAFF","TRAV29/DV5*01","TRBV28*01","TRAJ36*01","TRBJ1-1*01",11
"DR0401",1,"CAELPNQAGTALIF","CASSLRLEGYTF","TRAV13-2*01","TRBV28*01","TRAJ15*01","TRBJ1-2*01",1
"DR0401",1,"CAENAHRRAGGTSYGKLTF","CASSLGWPSDQPQHF","TRAV13-2*01","TRBV6-5*01","TRAJ52*01","TRBJ1-5*01",1
"DR0401",1,"CAENFQGGSEKLVF","CATSREIWQGRNTDTQYF","TRAV13-2*01","TRBV15*01","TRAJ57*01","TRBJ2-3*01",1
"DR0401",1,"CAENMGGFGNVLHC","CASSLNGGAGAGNEQYF","TRAV13-2*01","TRBV28*01","TRAJ35*01","TRBJ2-7*01",2
"DR0401",1,"CAENSNAGGTSYGKLTF","CASGRGYPSTDTQYF","TRAV13-2*01","TRBV6-5*01","TRAJ52*01","TRBJ2-3*01",1
"DR0401",1,"CAENYGGATNKLIF","CASSLAGGRTDTQYF","TRAV13-2*01","TRBV28*01","TRAJ32*01","TRBJ2-3*01",1
"DR0401",1,"CAEYRETGGFKTIF","CASTPWGGLRAQYF","TRAV13-2*01","TRBV28*01","TRAJ9*01","TRBJ2-5*01",1
"DR0401",1,"CALKSYNTDKLIF","CASSLFPQGREQYF","TRAV16*01","TRBV28*01","TRAJ34*01","TRBJ2-7*01",4
"DR0401",1,"CALQTDSWGKLQF","CASSLYPQGREAFF","TRAV16*01","TRBV28*01","TRAJ24*01","TRBJ1-1*01",3
"DR0401",1,"CALQTGANNLFF","CSAVAPVADTQYF","TRAV6*01","TRBV20-1*01","TRAJ36*01","TRBJ2-3*01",1
"DR0401",1,"CALSDTRSQGNLIF","CASMGGNQPQHF","TRAV9-2*01","TRBV28*01","TRAJ42*01","TRBJ1-5*01",5
"DR0401",1,"CALSNNNNDMRF","CASSPFGAGPNQPQHF","TRAV9-2*01","TRBV28*01","TRAJ43*01","TRBJ1-5*01",3
"DR0401",1,"CATAHRRRLWECAALRVRHSSDCFTTSWVEIPNTANHFCMGICYSVNSGYSTLTF","CASTITSVLHF","TRAV17*01","TRBV28*01","TRAJ11*01","TRBJ1-6*01",1
"DR0401",1,"CAVDGANSKLTF","CASGRGYPSTDTQYF","TRAV8-6*01","TRBV6-5*01","TRAJ56*01","TRBJ2-3*01",1
"DR0401",1,"CAVDSQGGSEKLVF","CASSLFPQGRGAFF","TRAV39*01","TRBV28*01","TRAJ57*01","TRBJ1-1*01",1
"DR0401",1,"CAVNRGGTSYGKLTF","CASRTGSTEAFF","TRAV41*01","TRBV28*01","TRAJ52*01","TRBJ1-1*01",42
"DR0401",7,"CAAADQTGANNLFF","CAIRTGSSIQYF","TRAV29/DV5*01","TRBV28*01","TRAJ36*01","TRBJ2-4*01",1
"DR0401",7,"CAADANSGYSTLTF","CASRPGGSPAMGF","TRAV29/DV5*01","TRBV28*01","TRAJ11*01","TRBJ1-2*01",1
"DR0401",7,"CAADKYTGNQFYF","CASRPGGDSPLHF","TRAV29/DV5*01","TRBV28*01","TRAJ49*01","TRBJ1-6*01",1
"DR0401",7,"CAAGDIGTGGFKTIF","CASSLQGKAFF","TRAV29/DV5*01","TRBV28*01","TRAJ9*01","TRBJ1-1*01",1
"DR0401",7,"CAAGFEGSNYKLTF","CACEGRYGYTF","TRAV29/DV5*01","TRBV28*01","TRAJ53*01","TRBJ1-2*01",1
"DR0401",7,"CAAGYGGATNKLIF","CASSLMGGAGGTEAFF","TRAV23/DV6*01","TRBV28*01","TRAJ32*01","TRBJ1-1*01",1
"DR0401",7,"CAAISEGGYQKVTF","CASSLPSRGPQHF","TRAV23/DV6*01","TRBV28*01","TRAJ13*01","TRBJ1-5*01",2
"DR0401",7,"CAAITGNQFYF","CASGLPDRASSYNEQFF","TRAV29/DV5*01","TRBV28*01","TRAJ49*01","TRBJ2-1*01",1
"DR0401",7,"CAAKDNNNDMRF","CASSLDRVDQPQHF","TRAV29/DV5*01","TRBV12-4*01","TRAJ43*01","TRBJ1-5*01",1
"DR0401",7,"CAAKGQTGANNLFF","CASVTGSYGYTF","TRAV29/DV5*01","TRBV28*01","TRAJ36*01","TRBJ1-2*01",1
"DR0401",7,"CAALRDFNKFYF","CASSADRVDTEAFF","TRAV23/DV6*01","TRBV12-4*01","TRAJ21*01","TRBJ1-1*01",1
"DR0401",7,"CAALYGQNFVF","CASGYPDRVTQETQYF","TRAV29/DV5*01","TRBV28*01","TRAJ26*01","TRBJ2-5*01",1
"DR0401",7,"CAAPATSGTYKYIF","CASIGGNQPQHF","TRAV29/DV5*01","TRBV28*01","TRAJ40*01","TRBJ1-5*01",1
"DR0401",7,"CAARAQTGANNLFF","CASMAGSETQYF","TRAV29/DV5*01","TRBV28*01","TRAJ36*01","TRBJ2-5*01",1
"DR0401",7,"CAARGQTGANNLFF","CASMTGSQPQHF","TRAV29/DV5*01","TRBV28*01","TRAJ36*01","TRBJ1-5*01",1
"DR0401",7,"CAARYMNRDDKIIF","CASSPMGDSSSYEQYF","TRAV29/DV5*01","TRBV5-6*01","TRAJ30*01","TRBJ2-7*01",1
"DR0401",7,"CAASAAFSGYSTLTF","CASTGRSEQYF","TRAV29/DV5*01","TRBV5-8*01","TRAJ11*01","TRBJ2-7*01",3
"DR0401",7,"CAASAARGAQKLVF","CASSGGSSPLHF","TRAV29/DV5*01","TRBV28*01","TRAJ54*01","TRBJ1-6*01",1
"DR0401",7,"CAASAGFSGYSTLTF","CASSPNRDPQFF","TRAV29/DV5*01","TRBV5-8*01","TRAJ11*01","TRBJ2-1*01",1
"DR0401",7,"CAASAIQGAQKLVF","CASSSGSEKLFF","TRAV29/DV5*01","TRBV28*01","TRAJ54*01","TRBJ1-4*01",1
"DR0401",7,"CAASALQGAQKLVF","CASSPGGDAGVGAFF","TRAV29/DV5*01","TRBV28*01","TRAJ54*01","TRBJ1-1*01",2
"DR0401",7,"CAASANQAGTALIF","CATERSRGGYTF","TRAV29/DV5*01","TRBV28*01","TRAJ15*01","TRBJ1-2*01",1
"DR0401",7,"CAASAPSGTYKYIF","CASMGGSLPLHF","TRAV29/DV5*01","TRBV28*01","TRAJ40*01","TRBJ1-6*01",4
"DR0401",7,"CAASAQRGAQKLVF","CASSQGSLGAFF","TRAV29/DV5*01","TRBV28*01","TRAJ54*01","TRBJ1-1*01",1
"DR0401",7,"CAASAQTGANNLFF","CASKSGSYEAFF","TRAV29/DV5*01","TRBV28*01","TRAJ36*01","TRBJ1-1*01",1
"DR0401",7,"CAASAQTGANNLFF","CASKTGSYEQYF","TRAV29/DV5*01","TRBV28*01","TRAJ36*01","TRBJ2-7*01",3
"DR0401",7,"CAASAQTGANNLFF","CASTEGGDRAYGYTF","TRAV29/DV5*01","TRBV28*01","TRAJ36*01","TRBJ1-2*01",2
"DR0401",7,"CAASAQTGANNLFF","CAWKTGNTEAFF","TRAV29/DV5*01","TRBV28*01","TRAJ36*01","TRBJ1-1*01",1
"DR0401",7,"CAASARDTGRRALTF","CASSVGSFSYGYTF","TRAV29/DV5*01","TRBV28*01","TRAJ5*01","TRBJ1-2*01",1
"DR0401",7,"CAASFGSTSYGKLTF","CASSLARGGDHEQFF","TRAV23/DV6*01","TRBV5-8*01","TRAJ52*01","TRBJ2-1*01",1
"DR0401",7,"CAASGGYTGFQKLVF","CASSLITAPIF","TRAV29/DV5*01","TRBV5-8*01","TRAJ8*01","TRBJ2-5*01",2
"DR0401",7,"CAASIEGGSEKLVF","CASSLRHSLSGNTIYF","TRAV13-1*01","TRBV5-6*01","TRAJ57*01","TRBJ1-3*01",1
"DR0401",7,"CAASIGTGGFKTIF","CASSLLGGDYEQYF","TRAV23/DV6*01","TRBV28*01","TRAJ9*01","TRBJ2-7*01",2
"DR0401",7,"CAASLNQAGTALIF","CASEQIRGGYTF","TRAV29/DV5*01","TRBV28*01","TRAJ15*01","TRBJ1-2*01",4
"DR0401",7,"CAASMAGSARQLTF","CASGFQPQHF","TRAV23/DV6*01","TRBV28*01","TRAJ22*01","TRBJ1-5*01",1
"DR0401",7,"CAASMEGGGSNYKLTF","CASSLSNRGGLFF","TRAV23/DV6*01","TRBV28*01","TRAJ53*01","TRBJ2-2*01",1
"DR0401",7,"CAASNDFNKFYF","CASSFGRVDTEAFF","TRAV23/DV6*01","TRBV12-4*01","TRAJ21*01","TRBJ1-1*01",1
"DR0401",7,"CAASPAQAGTALIF","CASSATEYGYTF","TRAV29/DV5*01","TRBV28*01","TRAJ15*01","TRBJ1-2*01",1
"DR0401",7,"CAASPAQAGTALIF","CASSSTEGGYTF","TRAV29/DV5*01","TRBV28*01","TRAJ15*01","TRBJ1-2*01",12
"DR0401",7,"CAASPNQAGTALIF","CATEGSRGGYTF","TRAV29/DV5*01","TRBV28*01","TRAJ15*01","TRBJ1-2*01",1
"DR0401",7,"CAASPSFGANNLFF","CASSTGSLEQYF","TRAV29/DV5*01","TRBV28*01","TRAJ36*01","TRBJ2-7*01",1
"DR0401",7,"CAASQQTGANNLFF","CAIGTGSYEQYF","TRAV29/DV5*01","TRBV28*01","TRAJ36*01","TRBJ2-7*01",1
"DR0401",7,"CAASQQTGANNLFF","CASKAGEQPQHF","TRAV29/DV5*01","TRBV28*01","TRAJ36*01","TRBJ1-5*01",1
"DR0401",7,"CAASQYNFNKFYF","CATSDLDEQYF","TRAV29/DV5*01","TRBV24-1*01","TRAJ21*01","TRBJ2-7*01",1
"DR0401",7,"CAASRDFNKFYF","CASSLARIDAEAFF","TRAV23/DV6*01","TRBV12-4*01","TRAJ21*01","TRBJ1-1*01",1
"DR0401",7,"CAASRDFNKFYF","CASSSGRLDTEAFF","TRAV23/DV6*01","TRBV12-4*01","TRAJ21*01","TRBJ1-1*01",27
"DR0401",7,"CAASRDFNKFYF","CASSSLRTDSEQYF","TRAV23/DV6*01","TRBV12-4*01","TRAJ21*01","TRBJ2-7*01",1
"DR0401",7,"CAASRDFQKLVF","CASSFRRNDEPQHF","TRAV23/DV6*01","TRBV12-4*01","TRAJ8*01","TRBJ1-5*01",1
"DR0401",7,"CAASRDFQKLVF","CASSFRRVDTEAFF","TRAV23/DV6*01","TRBV12-4*01","TRAJ8*01","TRBJ1-1*01",2
"DR0401",7,"CAASRDFSTLTF","CASSLDRVDQPQHF","TRAV23/DV6*01","TRBV12-4*01","TRAJ11*01","TRBJ1-5*01",1
"DR0401",7,"CAASRQTGANNLFF","CASQPGGSSPLHF","TRAV29/DV5*01","TRBV28*01","TRAJ36*01","TRBJ1-6*01",1
"DR0401",7,"CAASRQTGANNLFF","CASSSGSTEAFF","TRAV29/DV5*01","TRBV28*01","TRAJ36*01","TRBJ1-1*01",23
"DR0401",7,"CAASRQTGANNLFF","CASTTGSYGYTF","TRAV29/DV5*01","TRBV28*01","TRAJ36*01","TRBJ1-2*01",3
"DR0401",7,"CAASRSQAGTALIF","CASSVTDYGYTF","TRAV29/DV5*01","TRBV28*01","TRAJ15*01","TRBJ1-2*01",1
"DR0401",7,"CAASSEGAGGTSYGKLTF","CASSLYWVTGELFF","TRAV23/DV6*01","TRBV5-8*01","TRAJ52*01","TRBJ2-2*01",1
"DR0401",7,"CAASSGGSNYKLTF","CASSLQGAWTEAFF","TRAV13-1*01","TRBV2*01","TRAJ53*01","TRBJ1-1*01",1
"DR0401",7,"CAASSQEGAQKLVF","CASNPGSSPLHF","TRAV29/DV5*01","TRBV28*01","TRAJ54*01","TRBJ1-6*01",15
"DR0401",7,"CAASSQTGANNLFF","CAIKTGSYEQYF","TRAV29/DV5*01","TRBV28*01","TRAJ36*01","TRBJ2-7*01",1
"DR0401",7,"CAASTNSGYSTLTF","CASGTGSIGYTF","TRAV29/DV5*01","TRBV28*01","TRAJ11*01","TRBJ1-2*01",1
"DR0401",7,"CAASTQTGANNLFF","CASGNRDVKYF","TRAV29/DV5*01","TRBV28*01","TRAJ36*01","TRBJ2-5*01",1
"DR0401",7,"CAASVGYTSYGKLTF","CASSLAGQGAFF","TRAV29/DV5*01","TRBV5-8*01","TRAJ52*01","TRBJ1-1*01",1
"DR0401",7,"CAASVTGTASKLTF","CASSIQGQLGGMDTQYF","TRAV29/DV5*01","TRBV19*01","TRAJ44*01","TRBJ2-3*01",2
"DR0401",7,"CAATRQTGANNLFF","CASRGGNEKLFF","TRAV29/DV5*01","TRBV28*01","TRAJ36*01","TRBJ1-4*01",6
"DR0401",7,"CAATRQTGANNLFF","CASRTGSTEAFF","TRAV29/DV5*01","TRBV28*01","TRAJ36*01","TRBJ1-1*01",2
"DR0401",7,"CAATSDFNKFYF","CASSPDRVDTEAFF","TRAV23/DV6*01","TRBV12-4*01","TRAJ21*01","TRBJ1-1*01",1
"DR0401",7,"CAATTQTGANNLFF","CASGTGSTEAFF","TRAV29/DV5*01","TRBV28*01","TRAJ36*01","TRBJ1-1*01",4
"DR0401",7,"CAATTQTGANNLFF","CASKTGSYGYTF","TRAV29/DV5*01","TRBV28*01","TRAJ36*01","TRBJ1-2*01",1
"DR0401",7,"CAATTQTGANNLFF","CASRAGQSLAFF","TRAV29/DV5*01","TRBV28*01","TRAJ36*01","TRBJ1-1*01",1
"DR0401",7,"CAATTQTGANNLFF","CASSSGSTEAFF","TRAV29/DV5*01","TRBV28*01","TRAJ36*01","TRBJ1-1*01",2
"DR0401",7,"CAAVAGNQFYF","CASGFPDRVNEQYF","TRAV29/DV5*01","TRBV28*01","TRAJ49*01","TRBJ2-7*01",1
"DR0401",7,"CAEGRDFNKFYF","CASSPDRVDQPQHF","TRAV13-2*01","TRBV12-4*01","TRAJ21*01","TRBJ1-5*01",1
"DR0401",7,"CAEIPYSGGGADGLTF","CASRATGIRSQPQHF","TRAV13-2*01","TRBV2*01","TRAJ45*01","TRBJ1-5*01",1
"DR0401",7,"CAENHNYGQNFVF","CASSLLPGGTDTQYF","TRAV13-2*01","TRBV5-8*01","TRAJ26*01","TRBJ2-3*01",1
"DR0401",7,"CAENRDFEKLTF","CASTLGRTDTEAFF","TRAV13-2*01","TRBV12-4*01","TRAJ48*01","TRBJ1-1*01",1
"DR0401",7,"CAESGVSDGQKLLF","CASNPGSSPLHF","TRAV5*01","TRBV28*01","TRAJ16*01","TRBJ1-6*01",1
"DR0401",7,"CAESGVSDGQKLLF","CASSLQGRAFF","TRAV5*01","TRBV28*01","TRAJ16*01","TRBJ1-1*01",2
"DR0401",7,"CAESPALSGYSTLTF","CASVGRAPQAHF","TRAV13-2*01","TRBV5-8*01","TRAJ11*01","TRBJ2-4*01",1
"DR0401",7,"CAFMKHETGANNLFF","CASCSTRNTIYF","TRAV38-1*01","TRBV2*01","TRAJ36*01","TRBJ1-3*01",1
"DR0401",7,"CAGLSSNTGKLIF","CAWRGRGFSSYNEQFF","TRAV25*01","TRBV30*01","TRAJ37*01","TRBJ2-1*01",1
"DR0401",7,"CAGNNDMRF","CASKAGEQPQHF","TRAV38-2/DV8*01","TRBV28*01","TRAJ43*01","TRBJ1-5*01",1
"DR0401",7,"CAGQLRGNFNKFYF","CAIRSETEAFF","TRAV35*01","TRBV10-3*01","TRAJ21*01","TRBJ1-1*01",1
"DR0401",7,"CAIVREEEYGNKLVF","CASKTGSYEQYF","TRAV22*01","TRBV28*01","TRAJ47*01","TRBJ2-7*01",1
"DR0401",7,"CALETGANNLFF","CSKGGSYNEQFF","TRAV6*01","TRBV20-1*01","TRAJ36*01","TRBJ2-1*01",1
"DR0401",7,"CAPQPNFGNEKLTF","CASSLRHSLSGNTIYF","TRAV41*01","TRBV5-6*01","TRAJ48*01","TRBJ1-3*01",1
"DR0401",7,"CAQTGGSSNTGKLIF","CASSSPDRVAQYF","TRAV9-2*01","TRBV7-8*01","TRAJ37*01","TRBJ2-5*01",1
"DR0401",7,"CARLYGSSNTGKLIF","CASSSPGQGSNEQFF","TRAV9-2*01","TRBV7-3*01","TRAJ37*01","TRBJ2-1*01",1
"DR0401",7,"CASKTTSGTYKYIF","CASMGGNQPQHF","TRAV29/DV5*01","TRBV28*01","TRAJ40*01","TRBJ1-5*01",1
"DR0401",7,"CAVDMSDNARLMF","CATSDPQTPQFF","TRAV39*01","TRBV24-1*01","TRAJ31*01","TRBJ2-1*01",3
"DR0401",7,"CAVDMYDNARLMF","CATSEPSNEQFF","TRAV39*01","TRBV24-1*01","TRAJ31*01","TRBJ2-1*01",5
"DR0401",7,"CAVGIPYSGGGADGLTF","CASSSGSTEAFF","TRAV8-6*01","TRBV28*01","TRAJ45*01","TRBJ1-1*01",3
"DR0401",7,"CAVNREQAGTALIF","CASRGADTIYF","TRAV12-2*01","TRBV28*01","TRAJ15*01","TRBJ1-3*01",1
"DR0401",7,"CAVSDRRSGGYQKVTF","CASSPDRGDGETQYF","TRAV8-4*01","TRBV7-9*01","TRAJ13*01","TRBJ2-5*01",1
"DR0401",7,"CIGLVFNTGTASKLTF","CASSLLGGDYEQYF","TRAV26-2*01","TRBV28*01","TRAJ44*01","TRBJ2-7*01",2
"DR0401",7,"CILRDGPGGGADGLTF","CAIRTGSSIQYF","TRAV26-2*01","TRBV28*01","TRAJ45*01","TRBJ2-4*01",1
"DR0401",7,"CILRDYDNDYKLSF","CATSDRTVNEQFF","TRAV26-2*01","TRBV24-1*01","TRAJ20*01","TRBJ2-1*01",1
"DR0401",7,"CIVRGSNYKLTF","CASSPLLGDSRETQYF","TRAV26-1*01","TRBV18*01","TRAJ53*01","TRBJ2-5*01",1
"DR0401",7,"CLNTNAGKSTF","CASSSGRLDTEAFF","TRAV26-2*01","TRBV12-4*01","TRAJ27*01","TRBJ1-1*01",4
"DR0401",7,"CVVRENAGNNRKLIW","CASSRDRLDQPQHF","TRAV10*01","TRBV12-4*01","TRAJ38*01","TRBJ1-5*01",1
"DR0401",7,"CVVSTGGSQGNLIF","CASTTGSYGYTF","TRAV10*01","TRBV28*01","TRAJ42*01","TRBJ1-2*01",3
"DR0401",7,"LYGNKLVF","CASSLPSRGPQHF","TRAV21*01","TRBV28*01","TRAJ47*01","TRBJ1-5*01",2
"DR0401",7,"SHGEYGNKLVF","CATSDLDEQYF","TRAV23/DV6*01","TRBV24-1*01","TRAJ47*01","TRBJ2-7*01",1
"DR0401",8,"CAAEEGAQKLVF","CASRSGGPYGYTF","TRAV29/DV5*01","TRBV28*01","TRAJ54*01","TRBJ1-2*01",1
"DR0401",8,"CAAGTGNQFYF","CAAGNVDRGGTDTQYF","TRAV29/DV5*01","TRBV28*01","TRAJ49*01","TRBJ2-3*01",1
"DR0401",8,"CAANTGNQFYF","CASGSPDRYGYTF","TRAV29/DV5*01","TRBV28*01","TRAJ49*01","TRBJ1-2*01",1
"DR0401",8,"CAANTGNQFYF","CASGYPDRAGDGEQYF","TRAV29/DV5*01","TRBV28*01","TRAJ49*01","TRBJ2-7*01",1
"DR0401",8,"CAANTGNQFYF","CASSYPDRGDFF","TRAV29/DV5*01","TRBV28*01","TRAJ49*01","TRBJ1-1*01",1
"DR0401",8,"CAAPFWNQGGKLIF","CATLGGTGLRDTQYF","TRAV29/DV5*01","TRBV28*01","TRAJ23*01","TRBJ2-3*01",4
"DR0401",8,"CAASAGAQKLVF","CAIGPMGYEQYF","TRAV29/DV5*01","TRBV28*01","TRAJ54*01","TRBJ2-7*01",1
"DR0401",8,"CAASAGAQKLVF","CASGPLGYEQYF","TRAV29/DV5*01","TRBV28*01","TRAJ54*01","TRBJ2-7*01",1
"DR0401",8,"CAASAGAQKLVF","CATGPLGYEQYF","TRAV29/DV5*01","TRBV28*01","TRAJ54*01","TRBJ2-7*01",2
"DR0401",8,"CAASAGGADRGSTLGRLYF","CASSLGYEQYF","TRAV29/DV5*01","TRBV28*01","TRAJ18*01","TRBJ2-7*01",7
"DR0401",8,"CAASAGGADRGSTLGRLYF","CASSVGYEQYF","TRAV29/DV5*01","TRBV28*01","TRAJ18*01","TRBJ2-7*01",1
"DR0401",8,"CAASAGNQFYF","CASGYPDRGTTDTQYF","TRAV29/DV5*01","TRBV28*01","TRAJ49*01","TRBJ2-3*01",1
"DR0401",8,"CAASAGQAGTALIF","CASSAPWGQIYGYTF","TRAV29/DV5*01","TRBV28*01","TRAJ15*01","TRBJ1-2*01",2
"DR0401",8,"CAASAGTGANNLFF","CASKAGSQPQHF","TRAV29/DV5*01","TRBV28*01","TRAJ36*01","TRBJ1-5*01",4
"DR0401",8,"CAASAGTGANNLFF","CASKAGSTEAFF","TRAV29/DV5*01","TRBV28*01","TRAJ36*01","TRBJ1-1*01",2
"DR0401",8,"CAASAQKGAQKLVF","CAITGGSSPLHF","TRAV29/DV5*01","TRBV28*01","TRAJ54*01","TRBJ1-6*01",1
"DR0401",8,"CAASAQKGAQKLVF","CASSAGSAEAFF","TRAV29/DV5*01","TRBV28*01","TRAJ54*01","TRBJ1-1*01",1
"DR0401",8,"CAASAQKGAQKLVF","CASSAGTEQAFF","TRAV29/DV5*01","TRBV28*01","TRAJ54*01","TRBJ1-1*01",35
"DR0401",8,"CAASAQTGANNLFF","CASKAGSDEQYF","TRAV29/DV5*01","TRBV28*01","TRAJ36*01","TRBJ2-7*01",5
"DR0401",8,"CAASAQTGANNLFF","CASKTGSYEQYF","TRAV29/DV5*01","TRBV28*01","TRAJ36*01","TRBJ2-7*01",3
"DR0401",8,"CAASAQTGANNLFF","CATGGERGYTF","TRAV29/DV5*01","TRBV28*01","TRAJ36*01","TRBJ1-2*01",1
"DR0401",8,"CAASASGNNNDMRF","CASSSGPLLFF","TRAV29/DV5*01","TRBV28*01","TRAJ43*01","TRBJ1-4*01",10
"DR0401",8,"CAASASQAGTALIF","CATEGTRGGYTF","TRAV29/DV5*01","TRBV28*01","TRAJ15*01","TRBJ1-2*01",14
"DR0401",8,"CAASDFGETSGSRLTF","CATGPGLNYGYTF","TRAV29/DV5*01","TRBV28*01","TRAJ58*01","TRBJ1-2*01",1
"DR0401",8,"CAASDYNNNNDMRF","CASSSSDTQYF","TRAV29/DV5*01","TRBV28*01","TRAJ43*01","TRBJ2-3*01",1
"DR0401",8,"CAASENFSGGNNFNKFYF","CASSLQETQYF","TRAV29/DV5*01","TRBV5-1*01","TRAJ21*01","TRBJ2-5*01",1
"DR0401",8,"CAASGGTGANNLFF","CASKAGSVGYTF","TRAV29/DV5*01","TRBV28*01","TRAJ36*01","TRBJ1-2*01",2
"DR0401",8,"CAASGQTGANNLFF","CAIKSGSYGYTF","TRAV29/DV5*01","TRBV28*01","TRAJ36*01","TRBJ1-2*01",2
"DR0401",8,"CAASGQTGANNLFF","CASKAGSNEQYF","TRAV29/DV5*01","TRBV28*01","TRAJ36*01","TRBJ2-7*01",1
"DR0401",8,"CAASGQTGANNLFF","CAVKTGNTEAFF","TRAV29/DV5*01","TRBV28*01","TRAJ36*01","TRBJ1-1*01",1
"DR0401",8,"CAASHSSNTGKLIF","CASSPQGYEQFF","TRAV29/DV5*01","TRBV6-2*01","TRAJ37*01","TRBJ2-1*01",1
"DR0401",8,"CAASIFRSNTGKLIF","CASSSTWGGYEQYF","TRAV13-1*01","TRBV5-5*01","TRAJ37*01","TRBJ2-7*01",1
"DR0401",8,"CAASIGTGTASKLTF","CASGDRASEQYF","TRAV23/DV6*01","TRBV19*01","TRAJ44*01","TRBJ2-7*01",14
"DR0401",8,"CAASKQAGANNLFF","CASRAGSDTQYF","TRAV29/DV5*01","TRBV28*01","TRAJ36*01","TRBJ2-3*01",1
"DR0401",8,"CAASKQTGANNLFF","CATVAGSGEQFF","TRAV29/DV5*01","TRBV28*01","TRAJ36*01","TRBJ2-1*01",4
"DR0401",8,"CAASLPNTGFQKLVF","CASSLNYGYTF","TRAV29/DV5*01","TRBV28*01","TRAJ8*01","TRBJ1-2*01",1
"DR0401",8,"CAASLQTGANNLFF","CASKAGSNTQYF","TRAV29/DV5*01","TRBV28*01","TRAJ36*01","TRBJ2-3*01",4
"DR0401",8,"CAASLQTGANNLFF","CASSTGSLEAFF","TRAV29/DV5*01","TRBV28*01","TRAJ36*01","TRBJ1-1*01",2
"DR0401",8,"CAASMDFNKFYF","CASSLDRIDTEAFF","TRAV23/DV6*01","TRBV12-4*01","TRAJ21*01","TRBJ1-1*01",3
"DR0401",8,"CAASMGTGANNLFF","CASSLLSGAGGTEAFF","TRAV23/DV6*01","TRBV28*01","TRAJ36*01","TRBJ1-1*01",1
"DR0401",8,"CAASMSTGTASKLTF","CASGDRGYEAFF","TRAV23/DV6*01","TRBV19*01","TRAJ44*01","TRBJ1-1*01",1
"DR0401",8,"CAASPILQGAQKLVF","CASSPGGQARTLHF","TRAV29/DV5*01","TRBV28*01","TRAJ54*01","TRBJ1-6*01",1
"DR0401",8,"CAASPQTGANNLFF","CASGSGSSPQHF","TRAV29/DV5*01","TRBV28*01","TRAJ36*01","TRBJ1-5*01",1
"DR0401",8,"CAASPVFEGAQKLVF","CASSRGGQAAEAFF","TRAV29/DV5*01","TRBV28*01","TRAJ54*01","TRBJ1-1*01",1
"DR0401",8,"CAASQQTGANNLFF","CASKAGGTGELFF","TRAV29/DV5*01","TRBV28*01","TRAJ36*01","TRBJ2-2*01",1
"DR0401",8,"CAASRDFNKFYF","CASSLGRLDTEAFF","TRAV23/DV6*01","TRBV12-4*01","TRAJ21*01","TRBJ1-1*01",1
"DR0401",8,"CAASRQTGANNLFF","CASGTGSTEAFF","TRAV29/DV5*01","TRBV28*01","TRAJ36*01","TRBJ1-1*01",7
"DR0401",8,"CAASRQTGANNLFF","CASKVGSNEQFF","TRAV29/DV5*01","TRBV28*01","TRAJ36*01","TRBJ2-1*01",17
"DR0401",8,"CAASRQTGANNLFF","CASQTGSYEQYF","TRAV29/DV5*01","TRBV28*01","TRAJ36*01","TRBJ2-7*01",6
"DR0401",8,"CAASRQTGANNLFF","CASRTGSGEQYF","TRAV29/DV5*01","TRBV28*01","TRAJ36*01","TRBJ2-7*01",1
"DR0401",8,"CAASRQTGANNLFF","CASRTGSTEAFF","TRAV29/DV5*01","TRBV28*01","TRAJ36*01","TRBJ1-1*01",1
"DR0401",8,"CAASRQTGANNLFF","CASSSGSLEAFF","TRAV29/DV5*01","TRBV28*01","TRAJ36*01","TRBJ1-1*01",1
"DR0401",8,"CAASRQTGANNLFF","CASSSGSSEAFF","TRAV29/DV5*01","TRBV28*01","TRAJ36*01","TRBJ1-1*01",2
"DR0401",8,"CAASRQTGANNLFF","CASSSGSTEAFF","TRAV29/DV5*01","TRBV28*01","TRAJ36*01","TRBJ1-1*01",3
"DR0401",8,"CAASRQTGANNLFF","CASSTGSTEAFF","TRAV29/DV5*01","TRBV28*01","TRAJ36*01","TRBJ1-1*01",8
"DR0401",8,"CAASRQTGANNLFF","CATKGGSQPQHF","TRAV29/DV5*01","TRBV28*01","TRAJ36*01","TRBJ1-5*01",2
"DR0401",8,"CAASRQTGANNLFF","CATRTGSTEAFF","TRAV29/DV5*01","TRBV28*01","TRAJ36*01","TRBJ1-1*01",1
"DR0401",8,"CAASSGAQKLVF","CASGPLGYEQYF","TRAV29/DV5*01","TRBV28*01","TRAJ54*01","TRBJ2-7*01",1
"DR0401",8,"CAASTGYSGYSTLTF","CASSVGRGAGANVLTF","TRAV29/DV5*01","TRBV5-8*01","TRAJ11*01","TRBJ2-6*01",1
"DR0401",8,"CAASTQTGANNLFF","CAASVGSYEQYF","TRAV29/DV5*01","TRBV28*01","TRAJ36*01","TRBJ2-7*01",1
"DR0401",8,"CAASTQTGANNLFF","CASRTGSTEAFF","TRAV29/DV5*01","TRBV28*01","TRAJ36*01","TRBJ1-1*01",1
"DR0401",8,"CAASTQTGANNLFF","CASRTGSVEAFF","TRAV29/DV5*01","TRBV28*01","TRAJ36*01","TRBJ1-1*01",2
"DR0401",8,"CAASVAYTSYGKLTF","CASSPSTGEQYF","TRAV29/DV5*01","TRBV5-8*01","TRAJ52*01","TRBJ2-7*01",1
"DR0401",8,"CAASVGYSGYSTLTF","CASSLGQGGETQYF","TRAV29/DV5*01","TRBV5-8*01","TRAJ11*01","TRBJ2-5*01",1
"DR0401",8,"CAASVQTGANNLFF","CASKTGSGELFF","TRAV29/DV5*01","TRBV28*01","TRAJ36*01","TRBJ2-2*01",1
"DR0401",8,"CAASVQTGANNLFF","CATKTGSNEQFF","TRAV29/DV5*01","TRBV28*01","TRAJ36*01","TRBJ2-1*01",2
"DR0401",8,"CAATAQTGANNLFF","CATKTGSHEQYF","TRAV29/DV5*01","TRBV28*01","TRAJ36*01","TRBJ2-7*01",1
"DR0401",8,"CAATEERNRDDKIIF","CASSDLGKLFF","TRAV29/DV5*01","TRBV28*01","TRAJ30*01","TRBJ1-4*01",2
"DR0401",8,"CAATSQTGANNLFF","CASKTGSGELFF","TRAV29/DV5*01","TRBV28*01","TRAJ36*01","TRBJ2-2*01",1
"DR0401",8,"CAATTGNQFYF","CASGFPDRIGAFF","TRAV29/DV5*01","TRBV28*01","TRAJ49*01","TRBJ1-1*01",1
"DR0401",8,"CAATYGQNFVF","CASGYPDRGEGYF","TRAV29/DV5*01","TRBV28*01","TRAJ26*01","TRBJ2-7*01",1
"DR0401",8,"CAAVKQTGANNLFF","CASTGGSQPQHF","TRAV29/DV5*01","TRBV28*01","TRAJ36*01","TRBJ1-5*01",7
"DR0401",8,"CAAYLQTGANNLFF","CASKAGSGEQFF","TRAV29/DV5*01","TRBV28*01","TRAJ36*01","TRBJ2-1*01",4
"DR0401",8,"CAEDGATDGQKLLF","CASSLQGSMEFF","TRAV5*01","TRBV28*01","TRAJ16*01","TRBJ2-1*01",8
"DR0401",8,"CAEDKFSDGQKLLF","CASSLRGRVYF","TRAV5*01","TRBV28*01","TRAJ16*01","TRBJ2-7*01",2
"DR0401",8,"CAELPNQAGTALIF","CASSLRLEGYTF","TRAV13-2*01","TRBV28*01","TRAJ15*01","TRBJ1-2*01",1
"DR0401",8,"CAENNAGNNRKLIW","CASSYGPRTEAFF","TRAV13-2*01","TRBV6-6*01","TRAJ38*01","TRBJ1-1*01",1
"DR0401",8,"CAENSAGGTSYGKLTF","CASSKGYPSTDTQYF","TRAV13-2*01","TRBV6-5*01","TRAJ52*01","TRBJ2-3*01",6
"DR0401",8,"CAERVMDNARLMF","CAWSRTDTQYF","TRAV5*01","TRBV30*01","TRAJ31*01","TRBJ2-3*01",1
"DR0401",8,"CAGAQANSKLTF","CASSLYPSPREQYF","TRAV27*01","TRBV28*01","TRAJ56*01","TRBJ2-7*01",1
"DR0401",8,"CAGSEYGNKLVF","CASSLYPDSRGAFF","TRAV35*01","TRBV28*01","TRAJ47*01","TRBJ1-1*01",1
"DR0401",8,"CAGSRQTGANNLFF","CASKAGSTEAFF","TRAV29/DV5*01","TRBV28*01","TRAJ36*01","TRBJ1-1*01",7
"DR0401",8,"CALEPYDYKLSF","CSVMGLALQSPDTQYF","TRAV6*01","TRBV29-1*01","TRAJ20*01","TRBJ2-3*01",1
"DR0401",8,"CALKFQTGANNLFF","CASIGGNQPQHF","TRAV29/DV5*01","TRBV28*01","TRAJ36*01","TRBJ1-5*01",1
"DR0401",8,"CALKRGTGNQFYF","CASETAWGYTF","TRAV16*01","TRBV28*01","TRAJ49*01","TRBJ1-2*01",1
"DR0401",8,"CALVTGANNLFF","CSAIPPTGTDTQYF","TRAV6*01","TRBV20-1*01","TRAJ36*01","TRBJ2-3*01",1
"DR0401",8,"CAMSVFSDGQKLLF","CASSLPGGRADTQYF","TRAV12-3*01","TRBV28*01","TRAJ16*01","TRBJ2-3*01",1
"DR0401",8,"CAPEHGSSNTGKLIF","CASSVRSILHF","TRAV12-3*01","TRBV28*01","TRAJ37*01","TRBJ1-6*01",1
"DR0401",8,"CASLGQAGTALIF","CASSSGTLTDTQYF","TRAV12-3*01","TRBV7-3*01","TRAJ15*01","TRBJ2-3*01",1
"DR0401",8,"CATARVPSNTGKLIF","CASKTGSYEQYF","TRAV17*01","TRBV28*01","TRAJ37*01","TRBJ2-7*01",2
"DR0401",8,"CAVDAGGTSYGKLTF","CAWSRSYEQYF","TRAV29/DV5*01","TRBV30*01","TRAJ52*01","TRBJ2-7*01",1
"DR0401",8,"CAVDQGSNSGYALNF","CASSLYPSPREQYF","TRAV39*01","TRBV28*01","TRAJ41*01","TRBJ2-7*01",1
"DR0401",8,"CAVEYFGNEKLTF","CATSRGVGQPQHF","TRAV41*01","TRBV15*01","TRAJ48*01","TRBJ1-5*01",1
"DR0401",8,"CAVGLPGTYKYIF","CASSSLAGGPGELFF","TRAV8-3*01","TRBV27*01","TRAJ40*01","TRBJ2-2*01",1
"DR0401",8,"CAVKTGTASKLTF","CASSSRLAEQYF","TRAV8-3*01","TRBV7-9*01","TRAJ44*01","TRBJ2-7*01",1
"DR0401",8,"CAVLGTNFGNEKLTF","CASSLFPQGREQYF","TRAV12-2*01","TRBV28*01","TRAJ48*01","TRBJ2-7*01",1
"DR0401",8,"CAVPRFWGLPESYLWNWNKAPSHPKSWVEIPNTANHFCMGICYSVNSGYSTLTF","CASSLQGSMEFF","TRAV2*01","TRBV28*01","TRAJ11*01","TRBJ2-1*01",1
"DR0401",8,"CAVVRNAGNMLTF","CASSLFPDVREQYF","TRAV8-3*01","TRBV28*01","TRAJ39*01","TRBJ2-7*01",1
"DR0401",8,"CFALNTYNNDMRF","CASGDRGYEAFF","TRAV17*01","TRBV19*01","TRAJ43*01","TRBJ1-1*01",1
"DR0401",8,"CGTEQETTDSWGKLQF","CAWIPGGDRGGYTF","TRAV30*01","TRBV30*01","TRAJ24*01","TRBJ1-2*01",1
"DR0401",8,"CGTGSGGGADGLTF","CASSVGRGAGANVLTF","TRAV30*01","TRBV5-8*01","TRAJ45*01","TRBJ2-6*01",1
"DR0401",8,"CIANRPNSGGGADGLTF","CATVAGSGEQFF","TRAV26-1*01","TRBV28*01","TRAJ45*01","TRBJ2-1*01",4
"DR0401",8,"CIRLLNSGYALNF","CAWSRGPNLGGYTF","TRAV26-2*01","TRBV30*01","TRAJ41*01","TRBJ1-2*01",2
"DR0401",8,"CIVRVSNTGNQFYF","CSARGRTSGSREGTYEQYF","TRAV26-1*01","TRBV20-1*01","TRAJ49*01","TRBJ2-7*01",1
"DR0401",8,"CPNQGGKLIF","CASSSRLAEQYF","TRAV26-1*01","TRBV7-9*01","TRAJ23*01","TRBJ2-7*01",1
"DR0401",8,"CVANITRLMF","CASSLPGGRADTQYF","TRAV10*01","TRBV28*01","TRAJ31*01","TRBJ2-3*01",1
"DR0401",8,"CVVSLGGTYKYIF","CATKTGSHEQYF","TRAV10*01","TRBV28*01","TRAJ40*01","TRBJ2-7*01",1
"DR0401",9,"CAADLRGSTLGRLYF","CASSLLAGGDTQYF","TRAV23/DV6*01","TRBV5-8*01","TRAJ18*01","TRBJ2-3*01",1
"DR0401",9,"CAADMYSGGGADGLTF","CAWRPSGGAQFF","TRAV29/DV5*01","TRBV30*01","TRAJ45*01","TRBJ2-1*01",1
"DR0401",9,"CAADRMNRDDKIIF","CASSARANTEAFF","TRAV29/DV5*01","TRBV5-4*01","TRAJ30*01","TRBJ1-1*01",2
"DR0401",9,"CAAGRDFNKFYF","CASSLARLDEKLFF","TRAV23/DV6*01","TRBV12-4*01","TRAJ21*01","TRBJ1-4*01",1
"DR0401",9,"CAAIEANAGGTSYGKLTF","CASSETGRAFF","TRAV29/DV5*01","TRBV10-2*01","TRAJ52*01","TRBJ1-1*01",1
"DR0401",9,"CAAIGQAGTALIF","CASSLEQGYGYTF","TRAV29/DV5*01","TRBV5-8*01","TRAJ15*01","TRBJ1-2*01",2
"DR0401",9,"CAAKSQTGANNLFF","CASIGGNQPQHF","TRAV29/DV5*01","TRBV28*01","TRAJ36*01","TRBJ1-5*01",9
"DR0401",9,"CAANRDYQKVTF","CASSPRRTDTEAFF","TRAV23/DV6*01","TRBV12-4*01","TRAJ13*01","TRBJ1-1*01",1
"DR0401",9,"CAAPQKSSISYSGAGSYQLTF","CASSPRRTDTEAFF","TRAV29/DV5*01","TRBV12-4*01","TRAJ28*01","TRBJ1-1*01",1
"DR0401",9,"CAAQGRYSGAGSYQLTF","CASSQIQGRAEAFF","TRAV29/DV5*01","TRBV28*01","TRAJ28*01","TRBJ1-1*01",1
"DR0401",9,"CAASAAQAGTALIF","CASSVTDYGYTF","TRAV29/DV5*01","TRBV28*01","TRAJ15*01","TRBJ1-2*01",1
"DR0401",9,"CAASAGFSGYSTLTF","CASLGRNEQFF","TRAV29/DV5*01","TRBV5-8*01","TRAJ11*01","TRBJ2-1*01",5
"DR0401",9,"CAASAGFTGYQKVTF","CASSGLTLYF","TRAV29/DV5*01","TRBV5-8*01","TRAJ13*01","TRBJ2-7*01",3
"DR0401",9,"CAASAGNTGFQKLVF","CASSSWTGPSLTV","TRAV29/DV5*01","TRBV5-8*01","TRAJ8*01","TRBJ2-4*01",2
"DR0401",9,"CAASAGYSGYSTLTF","CASIGRSAEAFF","TRAV29/DV5*01","TRBV5-8*01","TRAJ11*01","TRBJ1-1*01",2
"DR0401",9,"CAASAGYTGFQKLVF","CASTTYNEQFF","TRAV29/DV5*01","TRBV5-8*01","TRAJ8*01","TRBJ2-1*01",4
"DR0401",9,"CAASAKYTSYGKLTF","CASDAREQFF","TRAV29/DV5*01","TRBV5-8*01","TRAJ52*01","TRBJ2-1*01",2
"DR0401",9,"CAASANRKGALWSRDQTDSKTKENALWNSNSGYALNF","CASRTGSTEAFF","TRAV29/DV5*01","TRBV28*01","TRAJ41*01","TRBJ1-1*01",1
"DR0401",9,"CAASAQQGAQKLVF","CASSVGSTEAFF","TRAV29/DV5*01","TRBV28*01","TRAJ54*01","TRBJ1-1*01",1
"DR0401",9,"CAASAQRGAQKLVF","CASSFGSIGAYF","TRAV29/DV5*01","TRBV28*01","TRAJ54*01","TRBJ2-7*01",1
"DR0401",9,"CAASAQTGANNLFF","CASRAGSTEAFF","TRAV29/DV5*01","TRBV28*01","TRAJ36*01","TRBJ1-1*01",1
"DR0401",9,"CAASAQTGANNLFF","CASRTGSGEAFF","TRAV29/DV5*01","TRBV28*01","TRAJ36*01","TRBJ1-1*01",1
"DR0401",9,"CAASAQTGANNLFF","CASRTGSTEAFF","TRAV29/DV5*01","TRBV28*01","TRAJ36*01","TRBJ1-1*01",7
"DR0401",9,"CAASEANAGGTSYGKLTF","CASSLGRRAFF","TRAV29/DV5*01","TRBV28*01","TRAJ52*01","TRBJ1-1*01",2
"DR0401",9,"CAASESNAGGTSYGKLTF","CASGTGYGYTF","TRAV29/DV5*01","TRBV10-2*01","TRAJ52*01","TRBJ1-2*01",1
"DR0401",9,"CAASFGGTSYGKLTF","CASSPWTYEQYF","TRAV23/DV6*01","TRBV5-8*01","TRAJ52*01","TRBJ2-7*01",1
"DR0401",9,"CAASGEAGKSTF","CASRSTGPHYGYTF","TRAV29/DV5*01","TRBV12-4*01","TRAJ27*01","TRBJ1-2*01",1
"DR0401",9,"CAASGGYSGYSTLTF","CASSARSEAFF","TRAV29/DV5*01","TRBV5-8*01","TRAJ11*01","TRBJ1-1*01",9
"DR0401",9,"CAASGQTGANNLFF","CASSTGSSEQFF","TRAV29/DV5*01","TRBV28*01","TRAJ36*01","TRBJ2-1*01",3
"DR0401",9,"CAASHQTGANNLFF","CATRAGSGKAFF","TRAV29/DV5*01","TRBV28*01","TRAJ36*01","TRBJ1-1*01",2
"DR0401",9,"CAASIETSWEGQGAQKLVF","CATSDLRTGGNEQFF","TRAV23/DV6*01","TRBV24-1*01","TRAJ54*01","TRBJ2-1*01",2
"DR0401",9,"CAASISSGGYQKVTF","CASTYPRDRVTDTQYF","TRAV23/DV6*01","TRBV2*01","TRAJ13*01","TRBJ2-3*01",1
"DR0401",9,"CAASLQTGANNLFF","CASSTGSTEAFF","TRAV29/DV5*01","TRBV28*01","TRAJ36*01","TRBJ1-1*01",1
"DR0401",9,"CAASMDFNKFYF","CASSFDRVDTEAFF","TRAV23/DV6*01","TRBV12-4*01","TRAJ21*01","TRBJ1-1*01",2
"DR0401",9,"CAASMGSTSYGKLTF","CASSLSSQETQYF","TRAV23/DV6*01","TRBV5-8*01","TRAJ52*01","TRBJ2-5*01",1
"DR0401",9,"CAASMKNSGYSTLTF","CASSPRSEQFF","TRAV23/DV6*01","TRBV5-8*01","TRAJ11*01","TRBJ2-1*01",11
"DR0401",9,"CAASPIFQGAQKLVF","CASSAGGQVNEQFF","TRAV29/DV5*01","TRBV28*01","TRAJ54*01","TRBJ2-1*01",1
"DR0401",9,"CAASRDFNKFYF","CASGDRGDGEQFF","TRAV23/DV6*01","TRBV6-5*01","TRAJ21*01","TRBJ2-1*01",1
"DR0401",9,"CAASRDFNKFYF","CASSGTRLDTEAFF","TRAV23/DV6*01","TRBV12-4*01","TRAJ21*01","TRBJ1-1*01",1
"DR0401",9,"CAASRDFNKFYF","CASSLARTDTEAFF","TRAV23/DV6*01","TRBV12-4*01","TRAJ21*01","TRBJ1-1*01",2
"DR0401",9,"CAASRDFNKFYF","CASSLDRVDQPQHF","TRAV23/DV6*01","TRBV12-4*01","TRAJ21*01","TRBJ1-5*01",1
"DR0401",9,"CAASRDFNKFYF","CASSLSRTDTEAFF","TRAV23/DV6*01","TRBV12-4*01","TRAJ21*01","TRBJ1-1*01",2
"DR0401",9,"CAASRDFNKFYF","CASSTDRVDTEAFF","TRAV23/DV6*01","TRBV12-4*01","TRAJ21*01","TRBJ1-1*01",1
"DR0401",9,"CAASRQTGANNLFF","CASATGSQPQHF","TRAV29/DV5*01","TRBV28*01","TRAJ36*01","TRBJ1-5*01",6
"DR0401",9,"CAASRQTGANNLFF","CASRTGSTEAFF","TRAV29/DV5*01","TRBV28*01","TRAJ36*01","TRBJ1-1*01",1
"DR0401",9,"CAASRQTGANNLFF","CASSAGSTEAFF","TRAV29/DV5*01","TRBV28*01","TRAJ36*01","TRBJ1-1*01",2
"DR0401",9,"CAASRQTGANNLFF","CASSSGSTEAFF","TRAV29/DV5*01","TRBV28*01","TRAJ36*01","TRBJ1-1*01",1
"DR0401",9,"CAASRQTGANNLFF","CASSTGSTEAFF","TRAV29/DV5*01","TRBV28*01","TRAJ36*01","TRBJ1-1*01",1
"DR0401",9,"CAASSGNTGFQKLVF","CASSAWTGNGYTF","TRAV23/DV6*01","TRBV5-8*01","TRAJ8*01","TRBJ1-2*01",1
"DR0401",9,"CAASTAYTGFQKLVF","CASSNWSSGGYTF","TRAV29/DV5*01","TRBV5-8*01","TRAJ8*01","TRBJ1-2*01",1
"DR0401",9,"CAASTDFNKFYF","CASSLGRTDTEAFF","TRAV23/DV6*01","TRBV12-4*01","TRAJ21*01","TRBJ1-1*01",1
"DR0401",9,"CAASTGFSGYSTLTF","CASIGRGGQPQHF","TRAV29/DV5*01","TRBV5-8*01","TRAJ11*01","TRBJ1-5*01",2
"DR0401",9,"CAASTGFTDSWGKFQF","CASRAHNEQFF","TRAV29/DV5*01","TRBV5-8*01","TRAJ24*01","TRBJ2-1*01",1
"DR0401",9,"CAATGDSGNTGKLIF","CASSNTDTQYF","TRAV29/DV5*01","TRBV6-6*01","TRAJ37*01","TRBJ2-3*01",5
"DR0401",9,"CAATGQTGANNLFF","CASRTGSTEAFF","TRAV29/DV5*01","TRBV28*01","TRAJ36*01","TRBJ1-1*01",3
"DR0401",9,"CAATKQTGANNLFF","CASSSGTLEAFF","TRAV29/DV5*01","TRBV28*01","TRAJ36*01","TRBJ1-1*01",2
"DR0401",9,"CAATLDFNKFYF","CASSKNRVDTEAFF","TRAV23/DV6*01","TRBV12-4*01","TRAJ21*01","TRBJ1-1*01",2
"DR0401",9,"CAATLQTGANNLFF","CASSTGSQPQHF","TRAV29/DV5*01","TRBV28*01","TRAJ36*01","TRBJ1-5*01",1
"DR0401",9,"CAATRQTGANNLFF","CASLQGSTEAFF","TRAV29/DV5*01","TRBV28*01","TRAJ36*01","TRBJ1-1*01",1
"DR0401",9,"CAATRQTGANNLFF","CASRTGSTEAFF","TRAV29/DV5*01","TRBV28*01","TRAJ36*01","TRBJ1-1*01",9
"DR0401",9,"CAATRQTGANNLFF","CASSSGSGEQYF","TRAV29/DV5*01","TRBV28*01","TRAJ36*01","TRBJ2-7*01",1
"DR0401",9,"CAATTQTGANNLFF","CASSSGSTEAFF","TRAV29/DV5*01","TRBV28*01","TRAJ36*01","TRBJ1-1*01",1
"DR0401",9,"CAEIQESGNTPLVF","CASSLWGGRGYTF","TRAV13-2*01","TRBV5-8*01","TRAJ29*01","TRBJ1-2*01",1
"DR0401",9,"CAENHNYGQNFVF","CASSFLAGSTDTQYF","TRAV13-2*01","TRBV5-8*01","TRAJ26*01","TRBJ2-3*01",1
"DR0401",9,"CAENHNYGQNFVF","CASSLLSGSTDTQYF","TRAV13-2*01","TRBV5-8*01","TRAJ26*01","TRBJ2-3*01",1
"DR0401",9,"CAENLALGYGNKLVF","CASSPREETQYF","TRAV13-2*01","TRBV3-1*01","TRAJ47*01","TRBJ2-5*01",3
"DR0401",9,"CAENPQTGANNLFF","CASSLAGEHTSGNTIYF","TRAV13-2*01","TRBV5-6*01","TRAJ36*01","TRBJ1-3*01",1
"DR0401",9,"CAETITGGFKTIF","CASSLNSNYGYTF","TRAV13-2*01","TRBV5-6*01","TRAJ9*01","TRBJ1-2*01",1
"DR0401",9,"CAETRDFNKFYF","CASSLDRTDQPQHF","TRAV13-2*01","TRBV12-4*01","TRAJ21*01","TRBJ1-5*01",1
"DR0401",9,"CAEYSGGYQKVTF","CASSLAFSDQPQHF","TRAV13-2*01","TRBV5-8*01","TRAJ13*01","TRBJ1-5*01",4
"DR0401",9,"CAGGGAGKSTF","CAWTGVGVTEAFF","TRAV27*01","TRBV30*01","TRAJ27*01","TRBJ1-1*01",1
"DR0401",9,"CAGGGGATNKLIF","CASRTGSTEAFF","TRAV27*01","TRBV28*01","TRAJ32*01","TRBJ1-1*01",1
"DR0401",9,"CAGRWANSKLTF","CASSAGGQVNEQFF","TRAV13-1*01","TRBV28*01","TRAJ56*01","TRBJ2-1*01",1
"DR0401",9,"CALRTLNAGNNRKLIW","CASRTGSTEAFF","TRAV19*01","TRBV28*01","TRAJ38*01","TRBJ1-1*01",3
"DR0401",9,"CATAGRRDKIIF","CASSRGYVTDTQYF","TRAV17*01","TRBV4-1*01","TRAJ30*01","TRBJ2-3*01",1
"DR0401",9,"CAVDISDNARLMF","CATSAPHNEQFF","TRAV39*01","TRBV24-1*01","TRAJ31*01","TRBJ2-1*01",2
"DR0401",9,"CAVDLSDNARLMF","CATSDPAGPQHF","TRAV39*01","TRBV24-1*01","TRAJ31*01","TRBJ1-5*01",2
"DR0401",9,"CAVDMSDNARLMF","CATSDPAGAQFF","TRAV39*01","TRBV24-1*01","TRAJ31*01","TRBJ2-1*01",1
"DR0401",9,"CAVEAIPLNNNARLMF","CASDAREQFF","TRAV36/DV7*01","TRBV5-8*01","TRAJ31*01","TRBJ2-1*01",2
"DR0401",9,"CAVLPMEYGNKLVF","CASSFGGARTEAFF","TRAV39*01","TRBV12-4*01","TRAJ47*01","TRBJ1-1*01",1
"DR0401",9,"CAVNREQAGTALIF","CASRVAEKLFF","TRAV12-2*01","TRBV28*01","TRAJ15*01","TRBJ1-4*01",2
"DR0401",9,"CAVNSGGSNYKLTF","CASSFGGARTEAFF","TRAV21*01","TRBV12-4*01","TRAJ53*01","TRBJ1-1*01",1
"DR0401",9,"CGTTYQKVTF","CASSSGSTEAFF","TRAV30*01","TRBV28*01","TRAJ13*01","TRBJ1-1*01",1
"DR0401",9,"CIVRATCKAAGNKLTF","CASSNTDTQYF","TRAV26-1*01","TRBV6-6*01","TRAJ17*01","TRBJ2-3*01",1
"DR0401",9,"CIVRPTPTGTASKLTF","CASLGRNEQFF","TRAV26-1*01","TRBV5-8*01","TRAJ44*01","TRBJ2-1*01",6
"DR0401",9,"CLLTGAGSYQLTF","CASTTYNEQFF","TRAV40*01","TRBV5-8*01","TRAJ28*01","TRBJ2-1*01",2
"DR0401",9,"CLVGDKREGSGNTGKLIF","CASSKLAGSTDTQYF","TRAV4*01","TRBV5-8*01","TRAJ37*01","TRBJ2-3*01",1
"DR0401",9,"CLVMRDYKLSF","CSVVGTGEIKLGTEAFF","TRAV4*01","TRBV29-1*01","TRAJ20*01","TRBJ1-1*01",1
"DR0401",9,"CVVRPGANSGAGSYQLTF","CSVVGTGEIKLGTEAFF","TRAV10*01","TRBV29-1*01","TRAJ28*01","TRBJ1-1*01",1
"DR0401",9,"CVVSSPLYGNKLVF","CASSRGYVTDTQYF","TRAV8-2*01","TRBV4-1*01","TRAJ47*01","TRBJ2-3*01",1
"DR0401",10,"CAAEEGAQKLVF","CASRSGGGRGYTF","TRAV29/DV5*01","TRBV28*01","TRAJ54*01","TRBJ1-2*01",2
"DR0401",10,"CAAGGDSGGSNYKLTF","CASSAGSEKLFF","TRAV41*01","TRBV28*01","TRAJ53*01","TRBJ1-4*01",4
"DR0401",10,"CAAGGQTGANNLFF","CASGTGSQPQHF","TRAV29/DV5*01","TRBV28*01","TRAJ36*01","TRBJ1-5*01",1
"DR0401",10,"CAAGINAGGTSYGKLTF","CSASILRETQYF","TRAV13-1*01","TRBV20-1*01","TRAJ52*01","TRBJ2-5*01",1
"DR0401",10,"CAAIGGNQFYF","CASGYPDRGNTDTQYF","TRAV29/DV5*01","TRBV28*01","TRAJ49*01","TRBJ2-3*01",1
"DR0401",10,"CAAKTQTGANNLFF","CASLGGGLGAEAFF","TRAV29/DV5*01","TRBV28*01","TRAJ36*01","TRBJ1-1*01",2
"DR0401",10,"CAAKVTSGTYKYIF","CASIGGNQPQHF","TRAV29/DV5*01","TRBV28*01","TRAJ40*01","TRBJ1-5*01",1
"DR0401",10,"CAANKLEGAQKLVF","CASQPGGSSPLHF","TRAV29/DV5*01","TRBV28*01","TRAJ54*01","TRBJ1-6*01",1
"DR0401",10,"CAAPEVESGNMLTF","CASRAGSEKLFF","TRAV29/DV5*01","TRBV28*01","TRAJ39*01","TRBJ1-4*01",5
"DR0401",10,"CAAPLTSGTYKYIF","CASIGGNQPQHF","TRAV29/DV5*01","TRBV28*01","TRAJ40*01","TRBJ1-5*01",10
"DR0401",10,"CAAPQYNFNKFYF","CASQTGTIEQYF","TRAV29/DV5*01","TRBV28*01","TRAJ21*01","TRBJ2-7*01",1
"DR0401",10,"CAASADTGFQKLVF","CAESKGQGYYGYTF","TRAV29/DV5*01","TRBV28*01","TRAJ8*01","TRBJ1-2*01",1
"DR0401",10,"CAASAGTSYGKLTF","CASTVTDTQYF","TRAV29/DV5*01","TRBV28*01","TRAJ52*01","TRBJ2-3*01",1
"DR0401",10,"CAASAGYSGYSTLTF","CASRKGLAGDTGELFF","TRAV29/DV5*01","TRBV5-8*01","TRAJ11*01","TRBJ2-2*01",2
"DR0401",10,"CAASAGYSGYSTLTF","CASSSRSLKFF","TRAV29/DV5*01","TRBV5-8*01","TRAJ11*01","TRBJ2-1*01",1
"DR0401",10,"CAASAIQGAQKLVF","CASSAGSEKLFF","TRAV29/DV5*01","TRBV28*01","TRAJ54*01","TRBJ1-4*01",4
"DR0401",10,"CAASALAGAQKLVF","CASIAGSTEAFF","TRAV29/DV5*01","TRBV28*01","TRAJ54*01","TRBJ1-1*01",1
"DR0401",10,"CAASALSGAQKLVF","CASSRGGDSPLHF","TRAV29/DV5*01","TRBV28*01","TRAJ54*01","TRBJ1-6*01",5
"DR0401",10,"CAASAMRGAQKLVF","CASSAGSGELFF","TRAV29/DV5*01","TRBV28*01","TRAJ54*01","TRBJ2-2*01",2
"DR0401",10,"CAASAQRGAQKLVF","CASSSGSQPQHF","TRAV29/DV5*01","TRBV28*01","TRAJ54*01","TRBJ1-5*01",1
"DR0401",10,"CAASAQTGANNLFF","CASKAGGTGELFF","TRAV29/DV5*01","TRBV28*01","TRAJ36*01","TRBJ2-2*01",1
"DR0401",10,"CAASAQTGANNLFF","CASNGGNEKLFF","TRAV29/DV5*01","TRBV28*01","TRAJ36*01","TRBJ1-4*01",1
"DR0401",10,"CAASAQTGANNLFF","CASSGGNQPQHF","TRAV29/DV5*01","TRBV28*01","TRAJ36*01","TRBJ1-5*01",1
"DR0401",10,"CAASAQTGANNLFF","CASSSGNQPQHF","TRAV29/DV5*01","TRBV28*01","TRAJ36*01","TRBJ1-5*01",3
"DR0401",10,"CAASAQTGANNLFF","CASSTGSDEQYF","TRAV29/DV5*01","TRBV28*01","TRAJ36*01","TRBJ2-7*01",1
"DR0401",10,"CAASAQTGTYKYIF","CASIGGNSPLHF","TRAV29/DV5*01","TRBV28*01","TRAJ40*01","TRBJ1-6*01",2
"DR0401",10,"CAASARYSGAGSYQLTF","CASSSVLAGADEQYF","TRAV29/DV5*01","TRBV28*01","TRAJ28*01","TRBJ2-7*01",1
"DR0401",10,"CAASATGGSYIPTF","CASILSSQGPGYGYTF","TRAV29/DV5*01","TRBV28*01","TRAJ6*01","TRBJ1-2*01",1
"DR0401",10,"CAASEQTGANNLFF","CASSTGSIEAFF","TRAV29/DV5*01","TRBV28*01","TRAJ36*01","TRBJ1-1*01",2
"DR0401",10,"CAASERYSGAGSYQLTF","CASNEVLAGFDEQFF","TRAV29/DV5*01","TRBV6-2*01","TRAJ28*01","TRBJ2-1*01",1
"DR0401",10,"CAASGDNYGQNFVF","CATSDPLRVGGPVETQYF","TRAV29/DV5*01","TRBV24-1*01","TRAJ26*01","TRBJ2-5*01",1
"DR0401",10,"CAASIPPGTLTSDDSNSGYALNF","CASNEVLAGFDEQFF","TRAV23/DV6*01","TRBV6-2*01","TRAJ41*01","TRBJ2-1*01",2
"DR0401",10,"CAASKQTGANNLFF","CASKGGTQPQHF","TRAV29/DV5*01","TRBV28*01","TRAJ36*01","TRBJ1-5*01",4
"DR0401",10,"CAASLIQGAQKLVF","CASSAGSEKLFF","TRAV29/DV5*01","TRBV28*01","TRAJ54*01","TRBJ1-4*01",1
"DR0401",10,"CAASLQTGANNLFF","CASKGGNEKLFF","TRAV29/DV5*01","TRBV28*01","TRAJ36*01","TRBJ1-4*01",1
"DR0401",10,"CAASLQTGANNLFF","CASRAGGSGEQYF","TRAV29/DV5*01","TRBV28*01","TRAJ36*01","TRBJ2-7*01",1
"DR0401",10,"CAASNFDNDYKLSF","CATSDRTAENYGYTF","TRAV29/DV5*01","TRBV24-1*01","TRAJ20*01","TRBJ1-2*01",6
"DR0401",10,"CAASNPTGGFKTIF","CATSDPLRVGGPVETQYF","TRAV23/DV6*01","TRBV24-1*01","TRAJ9*01","TRBJ2-5*01",1
"DR0401",10,"CAASPSGGGADGLTF","CAWSVVRGRGEAFF","TRAV29/DV5*01","TRBV30*01","TRAJ45*01","TRBJ1-1*01",1
"DR0401",10,"CAASPYYTGGGNKLTF","CASASAVYEQYF","TRAV29/DV5*01","TRBV28*01","TRAJ10*01","TRBJ2-7*01",1
"DR0401",10,"CAASQQTGANNLFF","CASSVGSETQYF","TRAV29/DV5*01","TRBV28*01","TRAJ36*01","TRBJ2-5*01",2
"DR0401",10,"CAASRDFNKFYF","CASSKDRLDTEAFF","TRAV23/DV6*01","TRBV12-4*01","TRAJ21*01","TRBJ1-1*01",3
"DR0401",10,"CAASRQTGANNLFF","CASGSGSTEAFF","TRAV29/DV5*01","TRBV28*01","TRAJ36*01","TRBJ1-1*01",1
"DR0401",10,"CAASRQTGANNLFF","CASGTGSTEAFF","TRAV29/DV5*01","TRBV28*01","TRAJ36*01","TRBJ1-1*01",1
"DR0401",10,"CAASRQTGANNLFF","CASRTGSTEAFF","TRAV29/DV5*01","TRBV28*01","TRAJ36*01","TRBJ1-1*01",2
"DR0401",10,"CAASRQTGANNLFF","CASSSGSRGYTF","TRAV29/DV5*01","TRBV28*01","TRAJ36*01","TRBJ1-2*01",2
"DR0401",10,"CAASSQTGANNLFF","CATKTGSYEQYF","TRAV29/DV5*01","TRBV28*01","TRAJ36*01","TRBJ2-7*01",3
"DR0401",10,"CAASTGYSGYSTLTF","CASSLREKLFF","TRAV23/DV6*01","TRBV5-8*01","TRAJ11*01","TRBJ1-4*01",1
"DR0401",10,"CAASVGYTGTASKLTF","CASSFGFTEAFF","TRAV29/DV5*01","TRBV11-1*01","TRAJ44*01","TRBJ1-1*01",18
"DR0401",10,"CAASVGYTGTASKLTL","CASSFGFTEAFF","TRAV29/DV5*01","TRBV11-1*01","TRAJ44*01","TRBJ1-1*01",1
"DR0401",10,"CAASYFGGGATNKLIF","CAWSRGYEQYF","TRAV29/DV5*01","TRBV30*01","TRAJ32*01","TRBJ2-7*01",2
"DR0401",10,"CAATGAGSYQLTF","CASSLPGAASTEAFF","TRAV8-3*01","TRBV5-4*01","TRAJ28*01","TRBJ1-1*01",1
"DR0401",10,"CAATGHRGNTGKLIF","CAHASTDTQYF","TRAV29/DV5*01","TRBV28*01","TRAJ37*01","TRBJ2-3*01",16
"DR0401",10,"CAATLQTGANNLFF","CASKGGNSPLHF","TRAV29/DV5*01","TRBV28*01","TRAJ36*01","TRBJ1-6*01",2
"DR0401",10,"CAATPKTSYDKVIF","CAISESGALTDTQYF","TRAV23/DV6*01","TRBV10-3*01","TRAJ50*01","TRBJ2-3*01",1
"DR0401",10,"CAATRQTGANNLFF","CASRGGNEKLFF","TRAV29/DV5*01","TRBV28*01","TRAJ36*01","TRBJ1-4*01",1
"DR0401",10,"CAATRQTGANNLFF","CASRTGSTEAFF","TRAV29/DV5*01","TRBV28*01","TRAJ36*01","TRBJ1-1*01",1
"DR0401",10,"CAATRQTGANNLFF","CASSTGSGEQYF","TRAV29/DV5*01","TRBV28*01","TRAJ36*01","TRBJ2-7*01",1
"DR0401",10,"CAATTQTGANNLFF","CASRAGSEKLFF","TRAV29/DV5*01","TRBV28*01","TRAJ36*01","TRBJ1-4*01",1
"DR0401",10,"CAAVPGGQNFVF","CASGLPDRPQEAFF","TRAV29/DV5*01","TRBV28*01","TRAJ26*01","TRBJ1-1*01",1
"DR0401",10,"CAAVPTSGTYKYIF","CASIGGGSPLHF","TRAV29/DV5*01","TRBV28*01","TRAJ40*01","TRBJ1-6*01",2
"DR0401",10,"CAAWGGTASKLTF","CASSPGLPNYGYTF","TRAV29/DV5*01","TRBV28*01","TRAJ44*01","TRBJ1-2*01",2
"DR0401",10,"CAAWSDGQKLLF","CASSLMSGAGGTEAFF","TRAV23/DV6*01","TRBV28*01","TRAJ16*01","TRBJ1-1*01",1
"DR0401",10,"CAEALRGGGSQGNLIF","CASRTGSTEAFF","TRAV5*01","TRBV28*01","TRAJ42*01","TRBJ1-1*01",1
"DR0401",10,"CAEAPNAGNMLTF","CARRQGALGGYTF","TRAV13-2*01","TRBV30*01","TRAJ39*01","TRBJ1-2*01",1
"DR0401",10,"CAEIPSGGYNKLIF","CATKPPRDSGNTIYF","TRAV13-2*01","TRBV28*01","TRAJ4*01","TRBJ1-3*01",6
"DR0401",10,"CAEIPSSGTYKYIF","CASSQTGTRSQPQHF","TRAV13-2*01","TRBV6-2*01","TRAJ40*01","TRBJ1-5*01",1
"DR0401",10,"CAEIPSTGGFKTIF","CATSNRGYEQYF","TRAV13-2*01","TRBV24-1*01","TRAJ9*01","TRBJ2-7*01",1
"DR0401",10,"CAENGRAYSGGGADGLTF","CASSLLRGQPQHF","TRAV13-2*01","TRBV11-1*01","TRAJ45*01","TRBJ1-5*01",1
"DR0401",10,"CAENPNTGFQKLVF","CAILGSGARYGYTF","TRAV13-2*01","TRBV28*01","TRAJ8*01","TRBJ1-2*01",9
"DR0401",10,"CAENPTSGTYKYIF","CATSGVGSTEAFF","TRAV13-2*01","TRBV24-1*01","TRAJ40*01","TRBJ1-1*01",1
"DR0401",10,"CAENRAGGTSYGKLTF","CASSLHSGGSYEQYF","TRAV13-2*01","TRBV3-2*01","TRAJ52*01","TRBJ2-7*01",2
"DR0401",10,"CAENRAGGTSYGKLTF","CASSPSARGDEKLFF","TRAV13-2*01","TRBV5-6*01","TRAJ52*01","TRBJ1-4*01",2
"DR0401",10,"CAENRDFNKFYF","CASSQGDRDDQPQHF","TRAV13-2*01","TRBV3-1*01","TRAJ21*01","TRBJ1-5*01",1
"DR0401",10,"CAENRDFQKLVF","CASSIGSRDDQPQHF","TRAV13-2*01","TRBV19*01","TRAJ8*01","TRBJ1-5*01",1
"DR0401",10,"CAENRPGGGADGLTF","CAWSRLRNTEAFF","TRAV13-2*01","TRBV30*01","TRAJ45*01","TRBJ1-1*01",1
"DR0401",10,"CAENYGGATNKLIF","CASSLAGGRTDTQYF","TRAV13-2*01","TRBV28*01","TRAJ32*01","TRBJ2-3*01",1
"DR0401",10,"CAETLRLTGTALIF","CASLGGGLGAEAFF","TRAV13-2*01","TRBV28*01","TRAJ15*01","TRBJ1-1*01",2
"DR0401",10,"CAFISMYSGGGADGLTF","CASRNRELSGNTIYF","TRAV38-1*01","TRBV11-2*01","TRAJ45*01","TRBJ1-3*01",1
"DR0401",10,"CAGAGSGGGADGLTF","CASIGGNQPQHF","TRAV27*01","TRBV28*01","TRAJ45*01","TRBJ1-5*01",1
"DR0401",10,"CAGPKAAGNKLTF","CASSLIAGPSPDTQYF","TRAV12-2*01","TRBV28*01","TRAJ17*01","TRBJ2-3*01",1
"DR0401",10,"CAGQNEGGSEKLVF","CASSLYPQGREAFF","TRAV35*01","TRBV28*01","TRAJ57*01","TRBJ1-1*01",1
"DR0401",10,"CALNGGYQKVTF","CASSEGTGQFF","TRAV24*01","TRBV6-5*01","TRAJ13*01","TRBJ2-1*01",1
"DR0401",10,"CALNRNSGNTPLVF","CASSLPGAASTEAFF","TRAV9-2*01","TRBV5-4*01","TRAJ29*01","TRBJ1-1*01",1
"DR0401",10,"CALSEAGRTGANSKLTF","CASVTGTATEAFF","TRAV19*01","TRBV2*01","TRAJ56*01","TRBJ1-1*01",1
"DR0401",10,"CAMSAGTASKLTF","CASSQGTGAGYTF","TRAV12-3*01","TRBV4-2*01","TRAJ44*01","TRBJ1-2*01",2
"DR0401",10,"CAPRDWSYQKVTF","CASSQTGTRSQPQHF","TRAV3*01","TRBV6-2*01","TRAJ13*01","TRBJ1-5*01",1
"DR0401",10,"CATDSGAGSYQLTF","CASSPRTGGEKLFF","TRAV17*01","TRBV6-5*01","TRAJ28*01","TRBJ1-4*01",1
"DR0401",10,"CATLGGGGADGLTF","CSASILRETQYF","TRAV17*01","TRBV20-1*01","TRAJ45*01","TRBJ2-5*01",1
"DR0401",10,"CAVDSGGSNYKLTF","CASTLKISTGELFF","TRAV20*01","TRBV11-1*01","TRAJ53*01","TRBJ2-2*01",2
"DR0401",10,"CAVGDNNDMRF","CASSSGNQPQHF","TRAV8-3*01","TRBV28*01","TRAJ43*01","TRBJ1-5*01",1
"DR0401",10,"CGADAQGGSEKLVF","CASSSGSRGYTF","TRAV34*01","TRBV28*01","TRAJ57*01","TRBJ1-2*01",2
"DR0401",10,"CGTDNYGQNFVF","CAISESGALTDTQYF","TRAV30*01","TRBV10-3*01","TRAJ26*01","TRBJ2-3*01",1
"DR0401",10,"CGTESGTYKYIF","CASGSGSTEAFF","TRAV30*01","TRBV28*01","TRAJ40*01","TRBJ1-1*01",1
"DR0401",10,"CIVRVTESNYQLIW","CASSYWDRADGYTF","TRAV26-1*01","TRBV6-5*01","TRAJ33*01","TRBJ1-2*01",1
"DR0401",10,"CIVSFYNQGGKLIF","CASRAGSEKLFF","TRAV26-1*01","TRBV28*01","TRAJ23*01","TRBJ1-4*01",1
"DR0404",6,"CAAAKLQGAQKLVF","CASSSGNEKLFF","TRAV29/DV5*01","TRBV28*01","TRAJ54*01","TRBJ1-4*01",1
"DR0404",6,"CAAEFTGTASKLTF","CASSQQLGGKNIQYF","TRAV29/DV5*01","TRBV6-2*01","TRAJ44*01","TRBJ2-4*01",2
"DR0404",6,"CAAEISGNTPLVF","CASSLRADTQYF","TRAV23/DV6*01","TRBV5-8*01","TRAJ29*01","TRBJ2-3*01",4
"DR0404",6,"CAAGPLPGTDKLIF","CASSRMRVSYEQYF","TRAV29/DV5*01","TRBV11-1*01","TRAJ34*01","TRBJ2-7*01",5
"DR0404",6,"CAAHNTNAGKSTF","CASSYTPQGASSPLHF","TRAV29/DV5*01","TRBV6-5*01","TRAJ27*01","TRBJ1-6*01",3
"DR0404",6,"CAAHPETGANNLFF","CASSFGGIGKRAYEQYF","TRAV29/DV5*01","TRBV28*01","TRAJ36*01","TRBJ2-7*01",1
"DR0404",6,"CAAIGTSGTYKYIF","CASIGGNQPQHF","TRAV29/DV5*01","TRBV28*01","TRAJ40*01","TRBJ1-5*01",3
"DR0404",6,"CAAKAPSGTYKYIF","CASLGGNQPQHF","TRAV29/DV5*01","TRBV28*01","TRAJ40*01","TRBJ1-5*01",1
"DR0404",6,"CAAKATSGTYKYIF","CASLGGNQPQHF","TRAV29/DV5*01","TRBV28*01","TRAJ40*01","TRBJ1-5*01",1
"DR0404",6,"CAAKGQTGANNLFF","CASSSTLKLFF","TRAV29/DV5*01","TRBV28*01","TRAJ36*01","TRBJ1-4*01",1
"DR0404",6,"CAAKMTSGTYKYIF","CASLGGNQPQHF","TRAV29/DV5*01","TRBV28*01","TRAJ40*01","TRBJ1-5*01",2
"DR0404",6,"CAALAGAGSYQLTF","CASQTGSRGYTF","TRAV29/DV5*01","TRBV28*01","TRAJ28*01","TRBJ1-2*01",4
"DR0404",6,"CAALLTSGTYKYIF","CASIGGNQPQHF","TRAV29/DV5*01","TRBV28*01","TRAJ40*01","TRBJ1-5*01",5
"DR0404",6,"CAANPGANNLFF","CAISGFGGYTF","TRAV29/DV5*01","TRBV28*01","TRAJ36*01","TRBJ1-2*01",1
"DR0404",6,"CAANSGTYKYIF","CAWSDFPGEGEKLFF","TRAV23/DV6*01","TRBV30*01","TRAJ40*01","TRBJ1-4*01",1
"DR0404",6,"CAAPFTSGTYKYIF","CASMGGNSPLHF","TRAV29/DV5*01","TRBV28*01","TRAJ40*01","TRBJ1-6*01",13
"DR0404",6,"CAAPGYSGSARQLTF","CASRGTTGELFF","TRAV29/DV5*01","TRBV28*01","TRAJ22*01","TRBJ2-2*01",1
"DR0404",6,"CAAQAGSGANNLFF","CASLAGSIKAFF","TRAV29/DV5*01","TRBV28*01","TRAJ36*01","TRBJ1-1*01",1
"DR0404",6,"CAARGQGGSEKLVF","CAWSVIRESPLHF","TRAV29/DV5*01","TRBV30*01","TRAJ57*01","TRBJ1-6*01",1
"DR0404",6,"CAARPTSGTYKYIF","CASSLISDRFGNTIYF","TRAV29/DV5*01","TRBV28*01","TRAJ40*01","TRBJ1-3*01",4
"DR0404",6,"CAARTTSGTYKYIF","CASSLTSDSFGNTIYF","TRAV29/DV5*01","TRBV28*01","TRAJ40*01","TRBJ1-3*01",10
"DR0404",6,"CAASAGTYKYIF","CAWSGQPSGANVLTF","TRAV29/DV5*01","TRBV30*01","TRAJ40*01","TRBJ2-6*01",19
"DR0404",6,"CAASAIGNTPLVF","CASSYRADTQYF","TRAV29/DV5*01","TRBV5-8*01","TRAJ29*01","TRBJ2-3*01",6
"DR0404",6,"CAASALQGAQKLVF","CASCTSNTEAFF","TRAV29/DV5*01","TRBV28*01","TRAJ54*01","TRBJ1-1*01",1
"DR0404",6,"CAASALQGAQKLVF","CASSASNTEAFF","TRAV29/DV5*01","TRBV28*01","TRAJ54*01","TRBJ1-1*01",1
"DR0404",6,"CAASALQGAQKLVF","CASSTSNTEAFF","TRAV29/DV5*01","TRBV28*01","TRAJ54*01","TRBJ1-1*01",3
"DR0404",6,"CAASALSGTYKYIF","CASSGGNEKLFF","TRAV29/DV5*01","TRBV28*01","TRAJ40*01","TRBJ1-4*01",2
"DR0404",6,"CAASALSGTYKYIF","CASSQAGAGSRYGYTF","TRAV29/DV5*01","TRBV3-2*01","TRAJ40*01","TRBJ1-2*01",1
"DR0404",6,"CAASAQEGAQKLVF","CATTRLAGTGELFF","TRAV29/DV5*01","TRBV28*01","TRAJ54*01","TRBJ2-2*01",3
"DR0404",6,"CAASAQTGANNLFF","CASKPGGSDGYTF","TRAV29/DV5*01","TRBV28*01","TRAJ36*01","TRBJ1-2*01",1
"DR0404",6,"CAASAQTGANNLFF","CASSLLENTGELFF","TRAV29/DV5*01","TRBV5-4*01","TRAJ36*01","TRBJ2-2*01",5
"DR0404",6,"CAASAQTGANNLFF","CASSSPNYGYTF","TRAV29/DV5*01","TRBV28*01","TRAJ36*01","TRBJ1-2*01",1
"DR0404",6,"CAASAQTGANNLFF","CATLNRVSTGELFF","TRAV29/DV5*01","TRBV28*01","TRAJ36*01","TRBJ2-2*01",1
"DR0404",6,"CAASARYSGAGSYQLTF","CASSQQLAGNDEQFF","TRAV29/DV5*01","TRBV6-2*01","TRAJ28*01","TRBJ2-1*01",3
"DR0404",6,"CAASDRYSGAGSYQLTF","CASWIVGDQPQHF","TRAV29/DV5*01","TRBV28*01","TRAJ28*01","TRBJ1-5*01",1
"DR0404",6,"CAASEGQGAQKLVF","CATGTGSTPLHF","TRAV29/DV5*01","TRBV28*01","TRAJ54*01","TRBJ1-6*01",6
"DR0404",6,"CAASEGSYKLIF","CAWSGQPSGANVLTF","TRAV29/DV5*01","TRBV30*01","TRAJ12*01","TRBJ2-6*01",1
"DR0404",6,"CAASEGTYKYIF","CAWSGQPAGANVLTF","TRAV29/DV5*01","TRBV30*01","TRAJ40*01","TRBJ2-6*01",1
"DR0404",6,"CAASEGTYKYIF","CAWSGQPSGANVLTF","TRAV29/DV5*01","TRBV30*01","TRAJ40*01","TRBJ2-6*01",20
"DR0404",6,"CAASGQGGSEKLVF","CAWSGRHSPLHF","TRAV29/DV5*01","TRBV30*01","TRAJ57*01","TRBJ1-6*01",1
"DR0404",6,"CAASGQTGANNLFF","CASSTGSLEQYF","TRAV29/DV5*01","TRBV28*01","TRAJ36*01","TRBJ2-7*01",2
"DR0404",6,"CAASGSSGTYKYIF","CASLAIRFPYEQYF","TRAV29/DV5*01","TRBV28*01","TRAJ40*01","TRBJ2-7*01",2
"DR0404",6,"CAASGSSGTYKYIF","CASSVIQVPYGYTF","TRAV29/DV5*01","TRBV28*01","TRAJ40*01","TRBJ1-2*01",2
"DR0404",6,"CAASKDTGFQKLVF","CASTRLASTGELFF","TRAV29/DV5*01","TRBV28*01","TRAJ8*01","TRBJ2-2*01",7
"DR0404",6,"CAASLLQGAQKLVF","CASLAGNTEAFF","TRAV29/DV5*01","TRBV28*01","TRAJ54*01","TRBJ1-1*01",5
"DR0404",6,"CAASLLTGANNLFF","CASLQGNSPLHF","TRAV29/DV5*01","TRBV28*01","TRAJ36*01","TRBJ1-6*01",6
"DR0404",6,"CAASLLTGANNLFF","CASSGGNEKLFF","TRAV29/DV5*01","TRBV28*01","TRAJ36*01","TRBJ1-4*01",15
"DR0404",6,"CAASLLTGANNLFF","CASSGGNQPQHF","TRAV29/DV5*01","TRBV28*01","TRAJ36*01","TRBJ1-5*01",1
"DR0404",6,"CAASLQTGANNLFF","CASSTGSQPQHF","TRAV29/DV5*01","TRBV28*01","TRAJ36*01","TRBJ1-5*01",1
"DR0404",6,"CAASMGDYGQNFVF","CASSLGGITQYF","TRAV23/DV6*01","TRBV5-6*01","TRAJ26*01","TRBJ2-3*01",3
"DR0404",6,"CAASMTGNTPLVF","CASSLRADEQYF","TRAV23/DV6*01","TRBV5-8*01","TRAJ29*01","TRBJ2-7*01",1
"DR0404",6,"CAASMTGNTPLVF","CASSYRADTQYF","TRAV23/DV6*01","TRBV5-8*01","TRAJ29*01","TRBJ2-3*01",1
"DR0404",6,"CAASNQGGKLIF","CAWSALVMTGELFF","TRAV29/DV5*01","TRBV30*01","TRAJ23*01","TRBJ2-2*01",2
"DR0404",6,"CAASPDSGNTPLVF","CASNQGILTDTQYF","TRAV29/DV5*01","TRBV28*01","TRAJ29*01","TRBJ2-3*01",2
"DR0404",6,"CAASPGTYKYIF","CAWSGGALGANVLTF","TRAV29/DV5*01","TRBV30*01","TRAJ40*01","TRBJ2-6*01",1
"DR0404",6,"CAASPPSGTYKYIF","CASIGGNTEAFF","TRAV29/DV5*01","TRBV28*01","TRAJ40*01","TRBJ1-1*01",1
"DR0404",6,"CAASPTSGTYKYIF","CASIGGNQPQHF","TRAV29/DV5*01","TRBV28*01","TRAJ40*01","TRBJ1-5*01",2
"DR0404",6,"CAASRQTGANNLFF","CASRAGGSGEQYF","TRAV29/DV5*01","TRBV28*01","TRAJ36*01","TRBJ2-7*01",4
"DR0404",6,"CAASRQTGANNLFF","CASSGGSQPQHF","TRAV29/DV5*01","TRBV28*01","TRAJ36*01","TRBJ1-5*01",19
"DR0404",6,"CAASSQTGANNLFF","CASSSGSFGQFF","TRAV29/DV5*01","TRBV28*01","TRAJ36*01","TRBJ2-1*01",1
"DR0404",6,"CAASSSVGTYKYIF","CASSSGGSGNTIYF","TRAV23/DV6*01","TRBV28*01","TRAJ40*01","TRBJ1-3*01",1
"DR0404",6,"CAASSTQGAQKLVF","CASNAGSSPLHF","TRAV29/DV5*01","TRBV28*01","TRAJ54*01","TRBJ1-6*01",1
"DR0404",6,"CAASSYNTDKLIF","CAWTALRGSYEQYF","TRAV29/DV5*01","TRBV30*01","TRAJ34*01","TRBJ2-7*01",2
"DR0404",6,"CAASTYQGAQKLVF","CASSPGGDRGYTF","TRAV29/DV5*01","TRBV28*01","TRAJ54*01","TRBJ1-2*01",2
"DR0404",6,"CAASWLTGANNLFF","CASSGGNQPQHF","TRAV29/DV5*01","TRBV28*01","TRAJ36*01","TRBJ1-5*01",3
"DR0404",6,"CAASWTVGTYKYIF","CASTRGGQGYEQYF","TRAV23/DV6*01","TRBV28*01","TRAJ40*01","TRBJ2-7*01",1
"DR0404",6,"CAATLQTGANNLFF","CAIRTGSTEAFF","TRAV29/DV5*01","TRBV28*01","TRAJ36*01","TRBJ1-1*01",4
"DR0404",6,"CAATRQTGANNLFF","CASSSGSTEAFF","TRAV29/DV5*01","TRBV28*01","TRAJ36*01","TRBJ1-1*01",18
"DR0404",6,"CAATSSGNTPLVF","CASSPRADTQYF","TRAV23/DV6*01","TRBV5-8*01","TRAJ29*01","TRBJ2-3*01",1
"DR0404",6,"CAATTYSGTYKYIF","CASIGGNSPLHF","TRAV29/DV5*01","TRBV28*01","TRAJ40*01","TRBJ1-6*01",2
"DR0404",6,"CAATVQTGANNLFF","CASSSGSQRNTF","TRAV29/DV5*01","TRBV28*01","TRAJ36*01","TRBJ1-2*01",1
"DR0404",6,"CAAVSGAGSYQLTF","CATVGGGGFRDTQYF","TRAV29/DV5*01","TRBV28*01","TRAJ28*01","TRBJ2-3*01",5
"DR0404",6,"CAAYNAGNNRKLIW","CASRGLGEKLFF","TRAV29/DV5*01","TRBV28*01","TRAJ38*01","TRBJ1-4*01",6
"DR0404",6,"CAEILSGNTPLVF","CASSLRADTQYF","TRAV13-2*01","TRBV5-8*01","TRAJ29*01","TRBJ2-3*01",1
"DR0404",6,"CAEIPPNDYKLSF","CAWSGQNYGYTF","TRAV13-2*01","TRBV30*01","TRAJ20*01","TRBJ1-2*01",3
"DR0404",6,"CAENITAQAGTALIF","CSADLQGTEAFF","TRAV13-2*01","TRBV20-1*01","TRAJ15*01","TRBJ1-1*01",1
"DR0404",6,"CAENNNFNKFYF","CASSLAGTSATGELFF","TRAV5*01","TRBV5-4*01","TRAJ21*01","TRBJ2-2*01",1
"DR0404",6,"CAENTEGNTPLVF","CASSLARGGYTF","TRAV13-2*01","TRBV5-6*01","TRAJ29*01","TRBJ1-2*01",1
"DR0404",6,"CAESKDSGTYKYIF","CASTPGGLGNEQFF","TRAV5*01","TRBV28*01","TRAJ40*01","TRBJ2-1*01",1
"DR0404",6,"CAETGGGADGLTF","CAWSVLRTGVSGYTF","TRAV13-2*01","TRBV30*01","TRAJ45*01","TRBJ1-2*01",3
"DR0404",6,"CAETLSGNTPLVF","CASSLRADTQYF","TRAV13-2*01","TRBV5-8*01","TRAJ29*01","TRBJ2-3*01",1
"DR0404",6,"CAETPSSGTYKYIF","CSAAVGVNYGYTF","TRAV13-2*01","TRBV20-1*01","TRAJ40*01","TRBJ1-2*01",1
"DR0404",6,"CAGGNNNDMRF","CASSTRTDTQYF","TRAV25*01","TRBV6-6*01","TRAJ43*01","TRBJ2-3*01",1
"DR0404",6,"CALDTGTASKLTF","CASSLPGIHGYTF","TRAV24*01","TRBV28*01","TRAJ44*01","TRBJ1-2*01",1
"DR0404",6,"CALSGGSGDMRF","CSAEGGGVPIDTQYF","TRAV16*01","TRBV20-1*01","TRAJ43*01","TRBJ2-3*01",1
"DR0404",6,"CASGDNNNARLMF","CATQRGGGWNSPLHF","TRAV29/DV5*01","TRBV28*01","TRAJ31*01","TRBJ1-6*01",2
"DR0404",6,"CATDTDYGGSQGNLIF","CASSLPGIHGYTF","TRAV17*01","TRBV28*01","TRAJ42*01","TRBJ1-2*01",1
"DR0404",6,"CATNDYSGSARQLTF","CAWSVLSYEQYF","TRAV29/DV5*01","TRBV30*01","TRAJ22*01","TRBJ2-7*01",1
"DR0404",6,"CAVAPLYGNNRLAF","CASIPTSNSNQPQHF","TRAV8-3*01","TRBV28*01","TRAJ7*01","TRBJ1-5*01",1
"DR0404",6,"CAVRDLRNTDKLIF","CSADLQGTEAFF","TRAV3*01","TRBV20-1*01","TRAJ34*01","TRBJ1-1*01",1
"DR0404",6,"CAVSLV","CASSLISDRFGNTIYF","TRAV22*01","TRBV28*01","TRAJ34*01","TRBJ1-3*01",2
"DR0404",6,"CAVTPYSGSARQLTF","CATLKNTGELFF","TRAV29/DV5*01","TRBV28*01","TRAJ22*01","TRBJ2-2*01",3
"DR0404",6,"CAVTTGNQFYF","CASSLRADTQYF","TRAV22*01","TRBV5-8*01","TRAJ49*01","TRBJ2-3*01",1
"DR0404",6,"CVVDTEQAGNQFYF","CASSAGGWGYGYTF","TRAV12-1*01","TRBV28*01","TRAJ49*01","TRBJ1-2*01",1
"DR0404",6,"FPQRETDSWGKLQF","CASSGGSQPQHF","TRAV25*01","TRBV28*01","TRAJ24*01","TRBJ1-5*01",14
"DR0701",1,"CAASNTGKLIF","CASSPQASGRGGEQFF","TRAV23/DV6*01","TRBV18*01","TRAJ37*01","TRBJ2-1*01",3
"DR0701",1,"CAFEDSGAGSYQLTF","CASSYGRQSSQPQHF","TRAV6*01","TRBV6-6*01","TRAJ28*01","TRBJ1-5*01",2
"DR0701",1,"CALDDSGAGSYQLTF","CASSYSRQGGEQYF","TRAV6*01","TRBV6-6*01","TRAJ28*01","TRBJ2-7*01",1
"DR0701",1,"CAPFGYARLMF","CASSYSGTGAAEQYF","TRAV6*01","TRBV6-6*01","TRAJ31*01","TRBJ2-7*01",1
"DR0701",1,"CAPLGGGGGSQGNLIF","CASSYSLAASTAQYF","TRAV6*01","TRBV6-6*01","TRAJ42*01","TRBJ2-5*01",4
"DR0701",1,"CAVAAGANSKLTF","CASSTTGTGGSGANVLTF","TRAV39*01","TRBV12-3*01","TRAJ56*01","TRBJ2-6*01",1
"DR0701",1,"CAVALYNRLAF","CASSSRTTGTSGRGRGNEQFF","TRAV8-3*01","TRBV7-2*01","TRAJ7*01","TRBJ2-1*01",4
"DR0701",1,"CAVDADSWGKLQF","CASSRGLYTGELFF","TRAV8-4*01","TRBV7-3*01","TRAJ24*01","TRBJ2-2*01",2
"DR0701",1,"CAVLMDTGRRALTF","CASSYSGQGNSPLHF","TRAV21*01","TRBV6-6*01","TRAJ5*01","TRBJ1-6*01",5
"DR0701",1,"CAVWDNNARLMF","CASSTTGTGGSGANVLTF","TRAV36/DV7*01","TRBV12-3*01","TRAJ31*01","TRBJ2-6*01",1
"DR0701",1,"CILLTQGGSEKLVF","CASSVGISGRARSMGEQFF","TRAV26-2*01","TRBV9*01","TRAJ57*01","TRBJ2-1*01",1
"DR0701",1,"CMFWAGNMLTF","CASSYSGQGATEAFF","TRAV6*01","TRBV6-6*01","TRAJ39*01","TRBJ1-1*01",1
"DR0701",1,"CVVSDLRSSNTGKLIF","CASSRGQGAGYTF","TRAV8-2*01","TRBV7-3*01","TRAJ37*01","TRBJ1-2*01",4
"DR0701",2,"CAAIEGKLTF","CSVRQDSYEQYF","TRAV13-1*01","TRBV29-1*01","TRAJ52*01","TRBJ2-7*01",1
"DR0701",2,"CAALGDQTGANNLFF","CASSYSIRGAYEQYF","TRAV21*01","TRBV6-6*01","TRAJ36*01","TRBJ2-7*01",1
"DR0701",2,"CAAMEWGGSQGNLIF","CASSYSRGANYGYTF","TRAV13-1*01","TRBV6-6*01","TRAJ42*01","TRBJ1-2*01",1
"DR0701",2,"CAAMNTGNQFYF","CASSLPVGYGYTF","TRAV13-1*01","TRBV3-1*01","TRAJ49*01","TRBJ1-2*01",2
"DR0701",2,"CAAPESYNNNDMRF","CASSSGGPAGGFYEQYF","TRAV29/DV5*01","TRBV28*01","TRAJ43*01","TRBJ2-7*01",1
"DR0701",2,"CAASAGKGGSEKLVF","CASSYSLTVRVDHF","TRAV29/DV5*01","TRBV6-6*01","TRAJ57*01","TRBJ1-6*01",2
"DR0701",2,"CAASKATGGGNKLTF","CASSVLAPGELFF","TRAV13-1*01","TRBV9*01","TRAJ10*01","TRBJ2-2*01",1
"DR0701",2,"CAASNAGGTSYGKLTF","CASSFRLGGNTEAFF","TRAV13-1*01","TRBV6-6*01","TRAJ52*01","TRBJ1-1*01",1
"DR0701",2,"CAATKRGGGSQGNLIF","CASSSGGPAGGFYEQYF","TRAV29/DV5*01","TRBV28*01","TRAJ42*01","TRBJ2-7*01",1
"DR0701",2,"CACNTGTASKLTF","CASSRKREATGELFF","TRAV8-3*01","TRBV19*01","TRAJ44*01","TRBJ2-2*01",2
"DR0701",2,"CADRGTSGSRLTF","CASRRGEAGEAFF","TRAV36/DV7*01","TRBV2*01","TRAJ58*01","TRBJ1-1*01",2
"DR0701",2,"CAEIPKNSGGSNYKLTF","CASKGRATDTQYF","TRAV13-2*01","TRBV3-1*01","TRAJ53*01","TRBJ2-3*01",1
"DR0701",2,"CAGEPGTYKYIF","CASRLGNNEQFF","TRAV3*01","TRBV7-2*01","TRAJ40*01","TRBJ2-1*01",1
"DR0701",2,"CAGPGQSNYQLIW","CASARRGQGYNEQFF","TRAV25*01","TRBV6-5*01","TRAJ33*01","TRBJ2-1*01",1
"DR0701",2,"CAGPHRETSGSRLTF","CASSRGQVAQYF","TRAV25*01","TRBV7-3*01","TRAJ58*01","TRBJ2-3*01",1
"DR0701",2,"CAGPMDSNYQLIW","CASSRRGQGYNEQFF","TRAV25*01","TRBV6-5*01","TRAJ33*01","TRBJ2-1*01",1
"DR0701",2,"CAGRAGGTSYGKLTF","CASSTLGGTTDTQYF","TRAV35*01","TRBV14*01","TRAJ52*01","TRBJ2-3*01",6
"DR0701",2,"CAGRSGATNKLIF","CAWSRQSYGYTF","TRAV35*01","TRBV30*01","TRAJ32*01","TRBJ1-2*01",2
"DR0701",2,"CALAGISGGYNKLIF","CSARTRGRASLEQYF","TRAV6*01","TRBV20-1*01","TRAJ4*01","TRBJ2-7*01",8
"DR0701",2,"CALALNTNAGKSTF","CASSYSIGGSHEQFF","TRAV6*01","TRBV6-6*01","TRAJ27*01","TRBJ2-1*01",1
"DR0701",2,"CALASGAGSYQLTF","CASSTSGTGATQYF","TRAV6*01","TRBV9*01","TRAJ28*01","TRBJ2-5*01",1
"DR0701",2,"CALDDSGAGSYQLTF","CASSYSRANEQYF","TRAV6*01","TRBV6-6*01","TRAJ28*01","TRBJ2-7*01",1
"DR0701",2,"CALDDSGAGSYQLTF","CASSYSRGNEQFF","TRAV6*01","TRBV6-6*01","TRAJ28*01","TRBJ2-1*01",5
"DR0701",2,"CALDDSGAGSYQLTF","CASSYSRQGEQFF","TRAV6*01","TRBV6-6*01","TRAJ28*01","TRBJ2-1*01",2
"DR0701",2,"CALDDSGAGSYQLTF","CASSYSRSGEQFF","TRAV6*01","TRBV6-6*01","TRAJ28*01","TRBJ2-1*01",5
"DR0701",2,"CALDDSGAGSYQLTF","CASSYSRSNEQFF","TRAV6*01","TRBV6-6*01","TRAJ28*01","TRBJ2-1*01",13
"DR0701",2,"CALDNSGAGSYQLTF","CASSYSKQGSHEQYF","TRAV6*01","TRBV6-6*01","TRAJ28*01","TRBJ2-7*01",1
"DR0701",2,"CALDNSGAGSYQLTF","CASSYSRGNEQYF","TRAV6*01","TRBV6-6*01","TRAJ28*01","TRBJ2-7*01",1
"DR0701",2,"CALDNSGAGSYQLTF","CASSYSRSGELWFF","TRAV6*01","TRBV6-6*01","TRAJ28*01","TRBJ2-1*01",2
"DR0701",2,"CALDPRPGGSYIPTF","CASSYSVKDEQFF","TRAV6*01","TRBV6-2*01","TRAJ6*01","TRBJ2-1*01",1
"DR0701",2,"CALEMGSQGNLIF","CASSLPGSLTDTQYF","TRAV16*01","TRBV5-4*01","TRAJ42*01","TRBJ2-3*01",1
"DR0701",2,"CALESANTGNQFYF","CASSLPGVLGTEAFF","TRAV6*01","TRBV5-4*01","TRAJ49*01","TRBJ1-1*01",1
"DR0701",2,"CALGGGGGSQGNLIF","CASSYSRLGSHEQYF","TRAV6*01","TRBV6-2*01","TRAJ42*01","TRBJ2-7*01",1
"DR0701",2,"CALIGGTSYGKLTF","CASSKSEASGSYEQYF","TRAV16*01","TRBV7-2*01","TRAJ52*01","TRBJ2-7*01",1
"DR0701",2,"CALNGWDNYGQNFVF","CASSYSRAYEQYF","TRAV6*01","TRBV6-6*01","TRAJ26*01","TRBJ2-7*01",1
"DR0701",2,"CALNPGANNLFF","CASSYSGQGATEAFF","TRAV6*01","TRBV6-6*01","TRAJ36*01","TRBJ1-1*01",1
"DR0701",2,"CALQNNNDMRF","CASSYSGQGATEAFF","TRAV6*01","TRBV6-6*01","TRAJ43*01","TRBJ1-1*01",1
"DR0701",2,"CALREETSGSRLTF","CASSYSTRGANYGYTF","TRAV19*01","TRBV6-6*01","TRAJ58*01","TRBJ1-2*01",1
"DR0701",2,"CALRGDTNAGKSTF","CASSYSKQGSHEQYF","TRAV6*01","TRBV6-6*01","TRAJ27*01","TRBJ2-7*01",3
"DR0701",2,"CALRGSGGSYIPTF","CASSYSRTGAHEQYF","TRAV6*01","TRBV6-2*01","TRAJ6*01","TRBJ2-7*01",8
"DR0701",2,"CALRNNNARLMF","CASSFQGAGTGELFF","TRAV36/DV7*01","TRBV12-3*01","TRAJ31*01","TRBJ2-2*01",2
"DR0701",2,"CALRRYSGGGADGLTF","CASSYSGQGATEAFF","TRAV16*01","TRBV6-6*01","TRAJ45*01","TRBJ1-1*01",1
"DR0701",2,"CALSDQGGANNLFF","CASSYSRGGGSEAFF","TRAV9-2*01","TRBV6-6*01","TRAJ36*01","TRBJ1-1*01",1
"DR0701",2,"CALSDQGGSEKLVF","CASSYSIRGEQFF","TRAV9-2*01","TRBV6-6*01","TRAJ57*01","TRBJ2-1*01",5
"DR0701",2,"CALSDQGGSQGNLIF","CASSYSIRAEGYF","TRAV9-2*01","TRBV6-2*01","TRAJ42*01","TRBJ2-3*01",1
"DR0701",2,"CALSPTGYALNF","CASSYALGGAKNIQYF","TRAV19*01","TRBV6-6*01","TRAJ41*01","TRBJ2-4*01",1
"DR0701",2,"CALTNAGNNRKLIW","CASRGSLDGRNSPLHF","TRAV19*01","TRBV5-1*01","TRAJ38*01","TRBJ1-6*01",1
"DR0701",2,"CALVDSSASKIIF","CASSYALAGSHEQYF","TRAV6*01","TRBV6-2*01","TRAJ3*01","TRBJ2-7*01",5
"DR0701",2,"CALVGSGGSYIPTF","CASSYSRTGNTEAFF","TRAV6*01","TRBV6-6*01","TRAJ6*01","TRBJ1-1*01",9
"DR0701",2,"CALVGSSGSARQLTF","CASRLTGAEQFF","TRAV6*01","TRBV7-3*01","TRAJ22*01","TRBJ2-1*01",1
"DR0701",2,"CALVPTGGGNKLTF","CASSYSIQGSSEAFF","TRAV6*01","TRBV6-6*01","TRAJ10*01","TRBJ1-1*01",1
"DR0701",2,"CAMRESSSASKIIF","CASSYSVKDEQFF","TRAV14/DV4*01","TRBV6-2*01","TRAJ3*01","TRBJ2-1*01",1
"DR0701",2,"CAMRPHPTGTASKLTF","CASSLRTDSIYEQYF","TRAV14/DV4*01","TRBV7-2*01","TRAJ44*01","TRBJ2-7*01",1
"DR0701",2,"CAMSEPMNTGFQKLVF","CASSGRLGAYEQYF","TRAV12-3*01","TRBV2*01","TRAJ8*01","TRBJ2-7*01",6
"DR0701",2,"CAPITGNQFYF","CASSYSGTGASPLHF","TRAV6*01","TRBV6-6*01","TRAJ49*01","TRBJ1-6*01",1
"DR0701",2,"CAPNGVSDGQKLLF","CASSYSGQGATEAFF","TRAV5*01","TRBV6-6*01","TRAJ16*01","TRBJ1-1*01",1
"DR0701",2,"CAPNNARLMF","CASSYSGTGAFEAFF","TRAV6*01","TRBV6-6*01","TRAJ31*01","TRBJ1-1*01",1
"DR0701",2,"CAPNNARLMF","CASSYSTQGGHEQYF","TRAV6*01","TRBV6-6*01","TRAJ31*01","TRBJ2-7*01",1
"DR0701",2,"CAPPMNYGGSQGNLIF","CASSYARGDGYTF","TRAV6*01","TRBV6-6*01","TRAJ42*01","TRBJ1-2*01",1
"DR0701",2,"CAPPMNYGGSQGNLIF","CASSYSRQNYGYTF","TRAV6*01","TRBV6-6*01","TRAJ42*01","TRBJ1-2*01",1
"DR0701",2,"CAPRGGAGNMLTF","CASSYSIQGSIEQYF","TRAV6*01","TRBV6-6*01","TRAJ39*01","TRBJ2-7*01",1
"DR0701",2,"CAPRGGTSYDKVIF","CASSYSLAGGHEQYF","TRAV6*01","TRBV6-6*01","TRAJ50*01","TRBJ2-7*01",7
"DR0701",2,"CAPRGHAGGTSYGKLTF","CASSYSISGAHEQYF","TRAV6*01","TRBV6-6*01","TRAJ52*01","TRBJ2-7*01",2
"DR0701",2,"CAQEETSGSRLTF","CASSSRTPPGEGYTF","TRAV8-3*01","TRBV7-9*01","TRAJ58*01","TRBJ1-2*01",4
"DR0701",2,"CATAINAGGTSYGKLTF","CASSFDTRGQVYGYTF","TRAV17*01","TRBV6-6*01","TRAJ52*01","TRBJ1-2*01",1
"DR0701",2,"CATEQRGSWGKFQF","CASRTPSGRAGNEQFF","TRAV17*01","TRBV28*01","TRAJ24*01","TRBJ2-1*01",1
"DR0701",2,"CATVWANQAGTALIF","CASSYTIPSGTPGNTIYF","TRAV17*01","TRBV6-5*01","TRAJ15*01","TRBJ1-3*01",1
"DR0701",2,"CAVAGGTSYGKLTF","CASSLSGLSSYGYTF","TRAV36/DV7*01","TRBV7-9*01","TRAJ52*01","TRBJ1-2*01",2
"DR0701",2,"CAVAGGYQKVTF","CASSYSGNSYEQYF","TRAV2*01","TRBV6-6*01","TRAJ13*01","TRBJ2-7*01",1
"DR0701",2,"CAVANNNARLMF","CASSFVGSAKNIQYF","TRAV36/DV7*01","TRBV12-3*01","TRAJ31*01","TRBJ2-4*01",1
"DR0701",2,"CAVERGGGNKLTF","CASSVGVGPGETQYF","TRAV2*01","TRBV9*01","TRAJ10*01","TRBJ2-5*01",2
"DR0701",2,"CAVERGSGTYKYIF","CASSFKRQGDYGYTF","TRAV3*01","TRBV27*01","TRAJ40*01","TRBJ1-2*01",1
"DR0701",2,"CAVGGISGGYNKLIF","CASRRGNNEQFF","TRAV8-3*01","TRBV7-2*01","TRAJ4*01","TRBJ2-1*01",1
"DR0701",2,"CAVGSGYSTLTF","CASSYSISGQGNSPLHF","TRAV2*01","TRBV6-6*01","TRAJ11*01","TRBJ1-6*01",1
"DR0701",2,"CAVIGDFGNEKLTF","CASRPRGRANTEAFF","TRAV21*01","TRBV6-6*01","TRAJ48*01","TRBJ1-1*01",1
"DR0701",2,"CAVIGGTSYGKLTF","CASSPRGTSGRNEQFF","TRAV21*01","TRBV7-3*01","TRAJ52*01","TRBJ2-1*01",1
"DR0701",2,"CAVIGGTSYGKLTF","CASSSRGTSGRNEQFF","TRAV21*01","TRBV7-3*01","TRAJ52*01","TRBJ2-1*01",1
"DR0701",2,"CAVKERYSSASKIIF","CASSDQTGQYEQYF","TRAV21*01","TRBV25-1*01","TRAJ3*01","TRBJ2-7*01",1
"DR0701",2,"CAVLMDTGRRALTF","CASSYSGQGHSPLHF","TRAV21*01","TRBV6-6*01","TRAJ5*01","TRBJ1-6*01",2
"DR0701",2,"CAVNAGNMLTF","CASSQVSGAATDTQYF","TRAV8-1*01","TRBV4-2*01","TRAJ39*01","TRBJ2-3*01",1
"DR0701",2,"CAVNAKYGGSQGNLIF","CASSFTGPTHNEQFF","TRAV8-1*01","TRBV7-8*01","TRAJ42*01","TRBJ2-1*01",1
"DR0701",2,"CAVNALRKTDSWGKFQF","CASSYSTRNEQFF","TRAV8-1*01","TRBV6-6*01","TRAJ24*01","TRBJ2-1*01",1
"DR0701",2,"CAVNLFWGGSEKLVF","CASSSVSNQPQHF","TRAV12-2*01","TRBV19*01","TRAJ57*01","TRBJ1-5*01",3
"DR0701",2,"CAVPNNNARLMF","CASSFMGAGANVLTF","TRAV36/DV7*01","TRBV12-3*01","TRAJ31*01","TRBJ2-6*01",2
"DR0701",2,"CAVQGWGLNAGNNRKLIW","CASSIRSAGGRNEQFF","TRAV20*01","TRBV19*01","TRAJ38*01","TRBJ2-1*01",1
"DR0701",2,"CAVRDWGSNDYKLSF","CASSVGVGPGETQYF","TRAV3*01","TRBV9*01","TRAJ20*01","TRBJ2-5*01",1
"DR0701",2,"CAVRLGSGGSNYKLTF","CASSYSVGGPGELFF","TRAV21*01","TRBV6-6*01","TRAJ53*01","TRBJ2-2*01",1
"DR0701",2,"CAVRMKGQNFVF","CASSFKDWNNEQFF","TRAV41*01","TRBV5-4*01","TRAJ26*01","TRBJ2-1*01",1
"DR0701",2,"CAVRNNNARLMF","CASSSTGTGTGELFF","TRAV36/DV7*01","TRBV12-3*01","TRAJ31*01","TRBJ2-2*01",12
"DR0701",2,"CAVRPDSGAGSYQLTF","CASSYSRQGGNTIYF","TRAV21*01","TRBV6-6*01","TRAJ28*01","TRBJ1-3*01",1
"DR0701",2,"CAVRPNDYKLSF","CASSYSITGAGELFF","TRAV21*01","TRBV6-2*01","TRAJ20*01","TRBJ2-2*01",1
"DR0701",2,"CAVRPPWEQGGSEKLVF","CASSYARVSNQPQHF","TRAV21*01","TRBV6-6*01","TRAJ57*01","TRBJ1-5*01",1
"DR0701",2,"CAVRSQGAQKLVF","CASSLRTDSIYEQYF","TRAV36/DV7*01","TRBV7-2*01","TRAJ54*01","TRBJ2-7*01",1
"DR0701",2,"CAVSANTGFQKLVF","CASSFYGSSYEQYF","TRAV8-4*01","TRBV5-4*01","TRAJ8*01","TRBJ2-7*01",1
"DR0701",2,"CAVSDGGGSNYKLTF","CASRERRGNGYTF","TRAV8-6*01","TRBV3-1*01","TRAJ53*01","TRBJ1-2*01",1
"DR0701",2,"CAVSDSGGSNYKLTF","CASRARGGTGYTF","TRAV8-6*01","TRBV3-1*01","TRAJ53*01","TRBJ1-2*01",1
"DR0701",2,"CAVSEMDSSYKLIF","CASSQGYQETQYF","TRAV8-6*01","TRBV18*01","TRAJ12*01","TRBJ2-5*01",1
"DR0701",2,"CAVSFDTGRRALTF","CASSYSGQGNSPLHF","TRAV21*01","TRBV6-6*01","TRAJ5*01","TRBJ1-6*01",1
"DR0701",2,"CAVSGGTSYGKLTF","CASSAGTPPSEAFF","TRAV36/DV7*01","TRBV7-9*01","TRAJ52*01","TRBJ1-1*01",1
"DR0701",2,"CAVSSPPKGSGGSYIPTF","CASSYSGTGASPLHF","TRAV8-6*01","TRBV6-6*01","TRAJ6*01","TRBJ1-6*01",1
"DR0701",2,"CAVVRNNARLMF","CASSDNFGAFF","TRAV36/DV7*01","TRBV2*01","TRAJ31*01","TRBJ1-1*01",2
"DR0701",2,"CAYRSAFTGANSKLTF","CASRPTGSSGANVLTF","TRAV38-2/DV8*01","TRBV6-2*01","TRAJ56*01","TRBJ2-6*01",1
"DR0701",2,"CGSMDSNYQLIW","CASSYSGTGASGYTF","TRAV6*01","TRBV6-6*01","TRAJ33*01","TRBJ1-2*01",1
"DR0701",2,"CILRDVIGNTGKLIF","CASSYSRPPSLNTQYF","TRAV26-2*01","TRBV6-2*01","TRAJ37*01","TRBJ2-3*01",1
"DR0701",2,"CILREWDSGTYKYIF","CASSFTGPTHNEQFF","TRAV26-2*01","TRBV7-8*01","TRAJ40*01","TRBJ2-1*01",1
"DR0701",2,"CIVRVANPTTDSWGKFQF","CASSYALGGAKNIQYF","TRAV26-1*01","TRBV6-6*01","TRAJ24*01","TRBJ2-4*01",1
"DR0701",2,"CIVRVATGNAGNMLTF","CASSYSSGGIGQYF","TRAV26-1*01","TRBV6-6*01","TRAJ39*01","TRBJ2-7*01",57
"DR0701",2,"CIVRVDQTGANNLFF","CASSSRGTSGRNEQFF","TRAV26-1*01","TRBV7-3*01","TRAJ36*01","TRBJ2-1*01",1
"DR0701",2,"CIVRVGAGGTSYGKLTF","CASSHELAGFRNIQYF","TRAV26-1*01","TRBV4-3*01","TRAJ52*01","TRBJ2-4*01",1
"DR0701",2,"CIVRVGDSNYQLIW","CASSYSWGSSYNEQFF","TRAV26-1*01","TRBV6-6*01","TRAJ33*01","TRBJ2-1*01",1
"DR0701",2,"CLVGDRWTGRRALTF","CASSVALGQSPNYGYTF","TRAV4*01","TRBV9*01","TRAJ5*01","TRBJ1-2*01",1
"DR0701",2,"CLVSVGEDSSYKLIF","CASSYSRGNEQFF","TRAV4*01","TRBV6-6*01","TRAJ12*01","TRBJ2-1*01",3
"DR0701",2,"CVVADRGSTLGRLYF","CASSDQTGQYEQYF","TRAV10*01","TRBV25-1*01","TRAJ18*01","TRBJ2-7*01",1
"DR0701",2,"CVVNIRGGSYIPTF","CASSYSRQGHEQYF","TRAV12-1*01","TRBV6-6*01","TRAJ6*01","TRBJ2-7*01",11
"DR0701",2,"CVVSDRGSTLGRLYF","CASSEKRFGGSYEQYF","TRAV10*01","TRBV25-1*01","TRAJ18*01","TRBJ2-7*01",1
"DR0701",2,"CVVSDRGSTLGRLYF","CASSEPKRTSYNEQFF","TRAV10*01","TRBV25-1*01","TRAJ18*01","TRBJ2-1*01",1
"DR0701",2,"CVVSDRGSTLGRLYF","CASSEPRPFPDKNIQYF","TRAV10*01","TRBV25-1*01","TRAJ18*01","TRBJ2-4*01",1
"DR0701",2,"CVVSDRGSTLGRLYF","CASSERIRRVGGYNEQFF","TRAV10*01","TRBV25-1*01","TRAJ18*01","TRBJ2-1*01",1
"DR0701",2,"CVVSDRGSTLGRLYF","CASSGNRAGGPYEQYF","TRAV10*01","TRBV25-1*01","TRAJ18*01","TRBJ2-7*01",1
"DR0701",2,"CVVSVWEYGNKLVF","CASSYSVGGPGELFF","TRAV10*01","TRBV6-6*01","TRAJ47*01","TRBJ2-2*01",1
"DR0701",2,"CVVSWGDSGNTPLVF","CASTKVRQGHTEQYF","TRAV10*01","TRBV11-2*01","TRAJ29*01","TRBJ2-7*01",5
"DR0701",2,"CVVTTNSGGSNYKLTF","CASKGRATDTQYF","TRAV8-2*01","TRBV3-1*01","TRAJ53*01","TRBJ2-3*01",1
"DR0701",2,"PYMIYNQGGKLIF","CASSYSRGNEQYF","TRAV2*01","TRBV6-6*01","TRAJ23*01","TRBJ2-7*01",1
